{"E:\\Harmony\\project\\wallet\\AppScope\\app.json5":{"hashValue":"57f753f5ddf0546bb93250cab0125472","name":"app.json5","path":"E:\\Harmony\\project\\wallet\\AppScope\\app.json5","type":"file","isSymbolicLink":false,"fileMetaData":{"size":213,"lastModifiedTime":1714566791000}},"E:\\Harmony\\project\\wallet\\entry\\src\\main\\module.json5":{"hashValue":"fb1d9ab599ef5712d13b1fa78522795c","name":"module.json5","path":"E:\\Harmony\\project\\wallet\\entry\\src\\main\\module.json5","type":"file","isSymbolicLink":false,"fileMetaData":{"size":1024,"lastModifiedTime":1714625960520}},"E:\\Harmony\\project\\wallet\\entry\\src\\main\\resources\\base\\profile\\main_pages.json":{"hashValue":"ed6d1424bf8181e8c11ca6712c3ea416","name":"main_pages.json","path":"E:\\Harmony\\project\\wallet\\entry\\src\\main\\resources\\base\\profile\\main_pages.json","type":"file","isSymbolicLink":false,"fileMetaData":{"size":57,"lastModifiedTime":1714566791000}},"E:\\Harmony\\project\\wallet\\entry\\oh-package.json5":{"hashValue":"ea5c10aed125b639a4591fd33ced3e44","name":"oh-package.json5","path":"E:\\Harmony\\project\\wallet\\entry\\oh-package.json5","type":"file","isSymbolicLink":false,"fileMetaData":{"size":173,"lastModifiedTime":1714566791000}},"E:\\Harmony\\project\\wallet\\entry\\.preview\\default\\intermediates\\merge_profile\\default\\module.json":{"hashValue":"2ad3b7b84c6ac885e404cfb66738b22d","name":"module.json","path":"E:\\Harmony\\project\\wallet\\entry\\.preview\\default\\intermediates\\merge_profile\\default\\module.json","type":"file","isSymbolicLink":false,"fileMetaData":{"size":1218,"lastModifiedTime":1714629650924}},"E:\\Harmony\\project\\wallet\\entry\\.preview\\default\\intermediates\\loader\\default\\loader.json":{"hashValue":"8fa201ced9494e640dd280156a5d2b4e","name":"loader.json","path":"E:\\Harmony\\project\\wallet\\entry\\.preview\\default\\intermediates\\loader\\default\\loader.json","type":"file","isSymbolicLink":false,"fileMetaData":{"size":333,"lastModifiedTime":1714621463470}},"E:\\Harmony\\project\\wallet\\entry\\.preview\\default\\intermediates\\process_profile\\default\\module.json":{"hashValue":"ce5144d2de1f6483d6949e027a3bb2a6","name":"module.json","path":"E:\\Harmony\\project\\wallet\\entry\\.preview\\default\\intermediates\\process_profile\\default\\module.json","type":"file","isSymbolicLink":false,"fileMetaData":{"size":1303,"lastModifiedTime":1714629651012}},"E:\\Harmony\\project\\wallet\\entry\\src\\main\\resources":{"hashValue":"4b576d88706a01cd2b16bd915e3d1a6f","name":"resources","path":"E:\\Harmony\\project\\wallet\\entry\\src\\main\\resources","type":"directory","isSymbolicLink":false,"children":[{"hashValue":"b9173ca2a7e1ede866f42dab8b27ba53","name":"base","path":"E:\\Harmony\\project\\wallet\\entry\\src\\main\\resources\\base","type":"directory","isSymbolicLink":false,"children":[{"hashValue":"f9d14d8b5d23cf9169aa757244deb551","name":"element","path":"E:\\Harmony\\project\\wallet\\entry\\src\\main\\resources\\base\\element","type":"directory","isSymbolicLink":false,"children":[{"hashValue":"26e9f4a5ad0eb8d028886e4e3e8f49a6","name":"color.json","path":"E:\\Harmony\\project\\wallet\\entry\\src\\main\\resources\\base\\element\\color.json","type":"file","isSymbolicLink":false,"fileMetaData":{"size":563,"lastModifiedTime":1714621563448}},{"hashValue":"a53f107c0e9e353dee51d0b66ea09b7b","name":"string.json","path":"E:\\Harmony\\project\\wallet\\entry\\src\\main\\resources\\base\\element\\string.json","type":"file","isSymbolicLink":false,"fileMetaData":{"size":835,"lastModifiedTime":1714717175481}}]},{"hashValue":"5f663a0ae15fe5cbd86d145f2d637b0a","name":"media","path":"E:\\Harmony\\project\\wallet\\entry\\src\\main\\resources\\base\\media","type":"directory","isSymbolicLink":false,"children":[{"hashValue":"3066ee5e577c49264e23ca87a44d49c6","name":"bill.png","path":"E:\\Harmony\\project\\wallet\\entry\\src\\main\\resources\\base\\media\\bill.png","type":"file","isSymbolicLink":false,"fileMetaData":{"size":1589,"lastModifiedTime":1714632641871}},{"hashValue":"910bb50905a899cadb5737ea18574885","name":"budget_background.png","path":"E:\\Harmony\\project\\wallet\\entry\\src\\main\\resources\\base\\media\\budget_background.png","type":"file","isSymbolicLink":false,"fileMetaData":{"size":26271,"lastModifiedTime":1714629365721}},{"hashValue":"d0e3fae17db5a1794413205e522ed49b","name":"budget.png","path":"E:\\Harmony\\project\\wallet\\entry\\src\\main\\resources\\base\\media\\budget.png","type":"file","isSymbolicLink":false,"fileMetaData":{"size":1492,"lastModifiedTime":1714632674062}},{"hashValue":"98864f5596f9338b178152b587a568f1","name":"chart.png","path":"E:\\Harmony\\project\\wallet\\entry\\src\\main\\resources\\base\\media\\chart.png","type":"file","isSymbolicLink":false,"fileMetaData":{"size":1808,"lastModifiedTime":1714631967529}},{"hashValue":"b00031af56ec2fb8613436ef4a598117","name":"consume.png","path":"E:\\Harmony\\project\\wallet\\entry\\src\\main\\resources\\base\\media\\consume.png","type":"file","isSymbolicLink":false,"fileMetaData":{"size":801,"lastModifiedTime":1714633742573}},{"hashValue":"177c14422c507848127c5fcee22222ff","name":"ic_public_add_norm_filled.svg","path":"E:\\Harmony\\project\\wallet\\entry\\src\\main\\resources\\base\\media\\ic_public_add_norm_filled.svg","type":"file","isSymbolicLink":false,"fileMetaData":{"size":1277,"lastModifiedTime":1709889333048}},{"hashValue":"abb9c217abdd1729f97c57ccfc7eb954","name":"ic_public_back.png","path":"E:\\Harmony\\project\\wallet\\entry\\src\\main\\resources\\base\\media\\ic_public_back.png","type":"file","isSymbolicLink":false,"fileMetaData":{"size":207,"lastModifiedTime":1714635412433}},{"hashValue":"bfa0056a60f3c012d435d7a9fb80ed50","name":"icon.png","path":"E:\\Harmony\\project\\wallet\\entry\\src\\main\\resources\\base\\media\\icon.png","type":"file","isSymbolicLink":false,"fileMetaData":{"size":2041,"lastModifiedTime":1714566791000}},{"hashValue":"a8e0d8d725b9307e60c25ad709b91ccb","name":"startIcon.png","path":"E:\\Harmony\\project\\wallet\\entry\\src\\main\\resources\\base\\media\\startIcon.png","type":"file","isSymbolicLink":false,"fileMetaData":{"size":4351,"lastModifiedTime":1714566791000}},{"hashValue":"c4403b8ccd1e7a8ba6bacf742978ca56","name":"wallet.png","path":"E:\\Harmony\\project\\wallet\\entry\\src\\main\\resources\\base\\media\\wallet.png","type":"file","isSymbolicLink":false,"fileMetaData":{"size":15720,"lastModifiedTime":1714566791000}}]},{"hashValue":"450710af82faef0ff6ddbeb074a6cc9c","name":"profile","path":"E:\\Harmony\\project\\wallet\\entry\\src\\main\\resources\\base\\profile","type":"directory","isSymbolicLink":false,"children":[{"hashValue":"ed6d1424bf8181e8c11ca6712c3ea416","name":"main_pages.json","path":"E:\\Harmony\\project\\wallet\\entry\\src\\main\\resources\\base\\profile\\main_pages.json","type":"file","isSymbolicLink":false,"fileMetaData":{"size":57,"lastModifiedTime":1714566791000}}]}]},{"hashValue":"ae054adcb62c8d2af8ea4d6f6b584c2e","name":"en_US","path":"E:\\Harmony\\project\\wallet\\entry\\src\\main\\resources\\en_US","type":"directory","isSymbolicLink":false,"children":[{"hashValue":"684f65475aa5dab0016aa3e478e80ae0","name":"element","path":"E:\\Harmony\\project\\wallet\\entry\\src\\main\\resources\\en_US\\element","type":"directory","isSymbolicLink":false,"children":[{"hashValue":"fca7753d118285b22d1bfcfc77f9bfd2","name":"string.json","path":"E:\\Harmony\\project\\wallet\\entry\\src\\main\\resources\\en_US\\element\\string.json","type":"file","isSymbolicLink":false,"fileMetaData":{"size":835,"lastModifiedTime":1714717175857}}]}]},{"hashValue":"","name":"rawfile","path":"E:\\Harmony\\project\\wallet\\entry\\src\\main\\resources\\rawfile","type":"directory","isSymbolicLink":false,"children":[]},{"hashValue":"2ad35b384f3e38d103effd13532c59ae","name":"zh_CN","path":"E:\\Harmony\\project\\wallet\\entry\\src\\main\\resources\\zh_CN","type":"directory","isSymbolicLink":false,"children":[{"hashValue":"ac3133a5c4628e1279f9881b6b7e14fd","name":"element","path":"E:\\Harmony\\project\\wallet\\entry\\src\\main\\resources\\zh_CN\\element","type":"directory","isSymbolicLink":false,"children":[{"hashValue":"74dc85886a3c693353bd91242a30036b","name":"string.json","path":"E:\\Harmony\\project\\wallet\\entry\\src\\main\\resources\\zh_CN\\element\\string.json","type":"file","isSymbolicLink":false,"fileMetaData":{"size":829,"lastModifiedTime":1714717175843}}]}]}]},"E:\\Harmony\\project\\wallet\\AppScope\\resources":{"hashValue":"47f549c89837fc9d7cb8da7b222c5500","name":"resources","path":"E:\\Harmony\\project\\wallet\\AppScope\\resources","type":"directory","isSymbolicLink":false,"children":[{"hashValue":"f17dd5153ac91320c6b32fe4ec50df06","name":"base","path":"E:\\Harmony\\project\\wallet\\AppScope\\resources\\base","type":"directory","isSymbolicLink":false,"children":[{"hashValue":"9da535a9e5960b6f64d2a9b9277d5ece","name":"element","path":"E:\\Harmony\\project\\wallet\\AppScope\\resources\\base\\element","type":"directory","isSymbolicLink":false,"children":[{"hashValue":"066e1b4fc00d26c05a9004a1f8ee80b5","name":"string.json","path":"E:\\Harmony\\project\\wallet\\AppScope\\resources\\base\\element\\string.json","type":"file","isSymbolicLink":false,"fileMetaData":{"size":84,"lastModifiedTime":1714566791000}}]},{"hashValue":"644cdd19df813fb598a45cd0c27eadbb","name":"media","path":"E:\\Harmony\\project\\wallet\\AppScope\\resources\\base\\media","type":"directory","isSymbolicLink":false,"children":[{"hashValue":"b77bc9ef682bc6eb7eee3b1553bea59f","name":"app_icon.png","path":"E:\\Harmony\\project\\wallet\\AppScope\\resources\\base\\media\\app_icon.png","type":"file","isSymbolicLink":false,"fileMetaData":{"size":2041,"lastModifiedTime":1714566791000}}]}]}]},"E:\\Harmony\\project\\wallet\\entry\\.preview\\default\\intermediates\\res\\default":{"hashValue":"6b1ccaba3fc6ed4ed916651171e31780","name":"default","path":"E:\\Harmony\\project\\wallet\\entry\\.preview\\default\\intermediates\\res\\default","type":"directory","isSymbolicLink":false,"children":[{"hashValue":"a85b4a516ca3242aca2098eafb8cfe75","name":"app_compiled","path":"E:\\Harmony\\project\\wallet\\entry\\.preview\\default\\intermediates\\res\\default\\app_compiled","type":"directory","isSymbolicLink":false,"children":[{"hashValue":"a530b6133fe2b2ee2541be343ee9e9b4","name":"15099366013279242399","path":"E:\\Harmony\\project\\wallet\\entry\\.preview\\default\\intermediates\\res\\default\\app_compiled\\15099366013279242399","type":"file","isSymbolicLink":false,"fileMetaData":{"size":176,"lastModifiedTime":1714956137937}},{"hashValue":"e9160a62936f2cecc99bce90baa38b75","name":"1807476345264748720","path":"E:\\Harmony\\project\\wallet\\entry\\.preview\\default\\intermediates\\res\\default\\app_compiled\\1807476345264748720","type":"file","isSymbolicLink":false,"fileMetaData":{"size":111,"lastModifiedTime":1714956137937}}]},{"hashValue":"685cf12b2da57300af8bd90f28b98818","name":"har_compiled","path":"E:\\Harmony\\project\\wallet\\entry\\.preview\\default\\intermediates\\res\\default\\har_compiled","type":"directory","isSymbolicLink":false,"children":[{"hashValue":"f92821fa4bdaac41d512e1ed68f7bf59","name":"16796617672539927656","path":"E:\\Harmony\\project\\wallet\\entry\\.preview\\default\\intermediates\\res\\default\\har_compiled\\16796617672539927656","type":"file","isSymbolicLink":false,"fileMetaData":{"size":203,"lastModifiedTime":1714956137991}},{"hashValue":"b63edcf8d7c6dfc57e03564e2c0ae926","name":"3127432080953397707","path":"E:\\Harmony\\project\\wallet\\entry\\.preview\\default\\intermediates\\res\\default\\har_compiled\\3127432080953397707","type":"file","isSymbolicLink":false,"fileMetaData":{"size":203,"lastModifiedTime":1714956137990}},{"hashValue":"8e4bee171e88de6454c22eb4be9d12b7","name":"4188200681576286502","path":"E:\\Harmony\\project\\wallet\\entry\\.preview\\default\\intermediates\\res\\default\\har_compiled\\4188200681576286502","type":"file","isSymbolicLink":false,"fileMetaData":{"size":185,"lastModifiedTime":1714956137990}}]},{"hashValue":"4b250769328af32eb8d60fcdf089de2a","name":"module_compiled","path":"E:\\Harmony\\project\\wallet\\entry\\.preview\\default\\intermediates\\res\\default\\module_compiled","type":"directory","isSymbolicLink":false,"children":[{"hashValue":"0f0703788ff18afdcdb4bd76a62bd1b1","name":"10876476630396293785","path":"E:\\Harmony\\project\\wallet\\entry\\.preview\\default\\intermediates\\res\\default\\module_compiled\\10876476630396293785","type":"file","isSymbolicLink":false,"fileMetaData":{"size":206,"lastModifiedTime":1714956137964}},{"hashValue":"6561d4f82b9c209d72893bb82b7d3f49","name":"1435260455497172580","path":"E:\\Harmony\\project\\wallet\\entry\\.preview\\default\\intermediates\\res\\default\\module_compiled\\1435260455497172580","type":"file","isSymbolicLink":false,"fileMetaData":{"size":191,"lastModifiedTime":1714956137964}},{"hashValue":"c4ae05b8db9e0d8226144578260f5141","name":"14729014182141829918","path":"E:\\Harmony\\project\\wallet\\entry\\.preview\\default\\intermediates\\res\\default\\module_compiled\\14729014182141829918","type":"file","isSymbolicLink":false,"fileMetaData":{"size":182,"lastModifiedTime":1714956137965}},{"hashValue":"b2f60652b9d604cd5239bdabd9743415","name":"17381893425836641973","path":"E:\\Harmony\\project\\wallet\\entry\\.preview\\default\\intermediates\\res\\default\\module_compiled\\17381893425836641973","type":"file","isSymbolicLink":false,"fileMetaData":{"size":1606,"lastModifiedTime":1714956137966}},{"hashValue":"e7603c11c626bf53fda499ce7774a06e","name":"2842128318436279274","path":"E:\\Harmony\\project\\wallet\\entry\\.preview\\default\\intermediates\\res\\default\\module_compiled\\2842128318436279274","type":"file","isSymbolicLink":false,"fileMetaData":{"size":215,"lastModifiedTime":1714956137963}},{"hashValue":"af372ee4157abbd9643c9031cd93b181","name":"4449257561107549432","path":"E:\\Harmony\\project\\wallet\\entry\\.preview\\default\\intermediates\\res\\default\\module_compiled\\4449257561107549432","type":"file","isSymbolicLink":false,"fileMetaData":{"size":1408,"lastModifiedTime":1714956137961}},{"hashValue":"88dab92b37c1451e435f9a71dabcf261","name":"5005791616482720666","path":"E:\\Harmony\\project\\wallet\\entry\\.preview\\default\\intermediates\\res\\default\\module_compiled\\5005791616482720666","type":"file","isSymbolicLink":false,"fileMetaData":{"size":176,"lastModifiedTime":1714956137964}},{"hashValue":"669ddfceaa556a573ae07d081710af64","name":"6224291767763253124","path":"E:\\Harmony\\project\\wallet\\entry\\.preview\\default\\intermediates\\res\\default\\module_compiled\\6224291767763253124","type":"file","isSymbolicLink":false,"fileMetaData":{"size":201,"lastModifiedTime":1714956137965}},{"hashValue":"f927a016a3cb60e555f17acebaf12388","name":"6433758894007337650","path":"E:\\Harmony\\project\\wallet\\entry\\.preview\\default\\intermediates\\res\\default\\module_compiled\\6433758894007337650","type":"file","isSymbolicLink":false,"fileMetaData":{"size":185,"lastModifiedTime":1714956137963}},{"hashValue":"08f3642c6659bd3bf9a749a389dbf9cb","name":"6449724785124092297","path":"E:\\Harmony\\project\\wallet\\entry\\.preview\\default\\intermediates\\res\\default\\module_compiled\\6449724785124092297","type":"file","isSymbolicLink":false,"fileMetaData":{"size":182,"lastModifiedTime":1714956137963}},{"hashValue":"ab2d9fc6b8ab62a279f5c6c97f62b830","name":"6665434378375268660","path":"E:\\Harmony\\project\\wallet\\entry\\.preview\\default\\intermediates\\res\\default\\module_compiled\\6665434378375268660","type":"file","isSymbolicLink":false,"fileMetaData":{"size":239,"lastModifiedTime":1714956137964}},{"hashValue":"1b9e41df81b21aae34c007d635102b3b","name":"6844399088802135820","path":"E:\\Harmony\\project\\wallet\\entry\\.preview\\default\\intermediates\\res\\default\\module_compiled\\6844399088802135820","type":"file","isSymbolicLink":false,"fileMetaData":{"size":176,"lastModifiedTime":1714956137963}},{"hashValue":"c705dac7e6c54f22bd1c5b5cebf9d907","name":"825782837610644859","path":"E:\\Harmony\\project\\wallet\\entry\\.preview\\default\\intermediates\\res\\default\\module_compiled\\825782837610644859","type":"file","isSymbolicLink":false,"fileMetaData":{"size":179,"lastModifiedTime":1714956137963}},{"hashValue":"9d1a2445bbd65480449ed69387bbefd6","name":"955436639380154931","path":"E:\\Harmony\\project\\wallet\\entry\\.preview\\default\\intermediates\\res\\default\\module_compiled\\955436639380154931","type":"file","isSymbolicLink":false,"fileMetaData":{"size":913,"lastModifiedTime":1714956137961}},{"hashValue":"41626b4334742489fd8379cb19eecaa1","name":"9929304622546157638","path":"E:\\Harmony\\project\\wallet\\entry\\.preview\\default\\intermediates\\res\\default\\module_compiled\\9929304622546157638","type":"file","isSymbolicLink":false,"fileMetaData":{"size":1600,"lastModifiedTime":1714956137967}}]},{"hashValue":"c193d2d5967272da8c744f9d5a05f451","name":"module.json","path":"E:\\Harmony\\project\\wallet\\entry\\.preview\\default\\intermediates\\res\\default\\module.json","type":"file","isSymbolicLink":false,"fileMetaData":{"size":2271,"lastModifiedTime":1714956138038}},{"hashValue":"8906454cccd58e7845fc078b3a32281e","name":"resources","path":"E:\\Harmony\\project\\wallet\\entry\\.preview\\default\\intermediates\\res\\default\\resources","type":"directory","isSymbolicLink":false,"children":[{"hashValue":"46f223eddb8926199a7a84a4df029811","name":"base","path":"E:\\Harmony\\project\\wallet\\entry\\.preview\\default\\intermediates\\res\\default\\resources\\base","type":"directory","isSymbolicLink":false,"children":[{"hashValue":"29ec29aedd520377cb6b8d6d30677096","name":"profile","path":"E:\\Harmony\\project\\wallet\\entry\\.preview\\default\\intermediates\\res\\default\\resources\\base\\profile","type":"directory","isSymbolicLink":false,"children":[{"hashValue":"7ee9eb7090d9b66f7f63b394fe057f2d","name":"main_pages.json","path":"E:\\Harmony\\project\\wallet\\entry\\.preview\\default\\intermediates\\res\\default\\resources\\base\\profile\\main_pages.json","type":"file","isSymbolicLink":false,"fileMetaData":{"size":28,"lastModifiedTime":1714956138056}}]}]}]},{"hashValue":"02233ec922b11adab9eb126b7fa37594","name":"resources.index","path":"E:\\Harmony\\project\\wallet\\entry\\.preview\\default\\intermediates\\res\\default\\resources.index","type":"file","isSymbolicLink":false,"fileMetaData":{"size":3825,"lastModifiedTime":1714956138038}},{"hashValue":"700389ab0e41ca23a680683c00ce3384","name":"ResourceTable.txt","path":"E:\\Harmony\\project\\wallet\\entry\\.preview\\default\\intermediates\\res\\default\\ResourceTable.txt","type":"file","isSymbolicLink":false,"fileMetaData":{"size":1047,"lastModifiedTime":1714956138039}}]},"E:\\Harmony\\project\\wallet\\entry\\.preview\\default\\generated\\r\\default\\ResourceTable.h":{"hashValue":"89eac1b814a61ea77264600f74473612","name":"ResourceTable.h","path":"E:\\Harmony\\project\\wallet\\entry\\.preview\\default\\generated\\r\\default\\ResourceTable.h","type":"file","isSymbolicLink":false,"fileMetaData":{"size":2297,"lastModifiedTime":1714956138039}},"E:\\Harmony\\project\\wallet\\entry\\.preview\\default\\generated\\r\\default":{"hashValue":"e05b54cdeaa739642c2493928ddf4390","name":"default","path":"E:\\Harmony\\project\\wallet\\entry\\.preview\\default\\generated\\r\\default","type":"directory","isSymbolicLink":false,"children":[{"hashValue":"89eac1b814a61ea77264600f74473612","name":"ResourceTable.h","path":"E:\\Harmony\\project\\wallet\\entry\\.preview\\default\\generated\\r\\default\\ResourceTable.h","type":"file","isSymbolicLink":false,"fileMetaData":{"size":2297,"lastModifiedTime":1714956138039}}]},"E:\\Harmony\\project\\wallet\\entry\\.preview\\config\\buildConfig.json":{"hashValue":"fa14cf2d7993fac67c7e25ecce8efe5a","name":"buildConfig.json","path":"E:\\Harmony\\project\\wallet\\entry\\.preview\\config\\buildConfig.json","type":"file","isSymbolicLink":false,"fileMetaData":{"size":1652,"lastModifiedTime":1714956137217}},"E:\\Harmony\\project\\wallet\\entry\\.preview\\default\\intermediates\\res\\default\\module.json":{"hashValue":"c193d2d5967272da8c744f9d5a05f451","name":"module.json","path":"E:\\Harmony\\project\\wallet\\entry\\.preview\\default\\intermediates\\res\\default\\module.json","type":"file","isSymbolicLink":false,"fileMetaData":{"size":2271,"lastModifiedTime":1714956138038}},"E:\\Harmony\\project\\wallet\\entry\\.preview\\default\\intermediates\\res\\default\\resources\\base\\profile\\main_pages.json":{"hashValue":"7ee9eb7090d9b66f7f63b394fe057f2d","name":"main_pages.json","path":"E:\\Harmony\\project\\wallet\\entry\\.preview\\default\\intermediates\\res\\default\\resources\\base\\profile\\main_pages.json","type":"file","isSymbolicLink":false,"fileMetaData":{"size":28,"lastModifiedTime":1714956138056}},"E:\\Harmony\\project\\wallet\\entry\\.preview\\default\\intermediates\\loader\\default":{"hashValue":"ec5198429a72f747fcfeead5731c8332","name":"default","path":"E:\\Harmony\\project\\wallet\\entry\\.preview\\default\\intermediates\\loader\\default","type":"directory","isSymbolicLink":false,"children":[{"hashValue":"8fa201ced9494e640dd280156a5d2b4e","name":"loader.json","path":"E:\\Harmony\\project\\wallet\\entry\\.preview\\default\\intermediates\\loader\\default\\loader.json","type":"file","isSymbolicLink":false,"fileMetaData":{"size":333,"lastModifiedTime":1714621463470}}]},"E:\\Harmony\\project\\wallet\\entry\\.preview\\default\\intermediates\\res\\default\\ResourceTable.txt":{"hashValue":"700389ab0e41ca23a680683c00ce3384","name":"ResourceTable.txt","path":"E:\\Harmony\\project\\wallet\\entry\\.preview\\default\\intermediates\\res\\default\\ResourceTable.txt","type":"file","isSymbolicLink":false,"fileMetaData":{"size":1047,"lastModifiedTime":1714956138039}},"E:\\Harmony\\project\\wallet\\entry\\.preview\\default\\intermediates\\res\\default\\resources\\base\\profile":{"hashValue":"29ec29aedd520377cb6b8d6d30677096","name":"profile","path":"E:\\Harmony\\project\\wallet\\entry\\.preview\\default\\intermediates\\res\\default\\resources\\base\\profile","type":"directory","isSymbolicLink":false,"children":[{"hashValue":"7ee9eb7090d9b66f7f63b394fe057f2d","name":"main_pages.json","path":"E:\\Harmony\\project\\wallet\\entry\\.preview\\default\\intermediates\\res\\default\\resources\\base\\profile\\main_pages.json","type":"file","isSymbolicLink":false,"fileMetaData":{"size":28,"lastModifiedTime":1714956138056}}]},"E:\\Harmony\\project\\wallet\\entry\\src\\main\\ets":{"hashValue":"28a28631b91129f4285fa0f1955c6ce1","name":"ets","path":"E:\\Harmony\\project\\wallet\\entry\\src\\main\\ets","type":"directory","isSymbolicLink":false,"children":[{"hashValue":"88aad64f49d42d092f3154c0af05504b","name":"common","path":"E:\\Harmony\\project\\wallet\\entry\\src\\main\\ets\\common","type":"directory","isSymbolicLink":false,"children":[{"hashValue":"c7e9119f9c3c62e4adcb75f741e22965","name":"bean","path":"E:\\Harmony\\project\\wallet\\entry\\src\\main\\ets\\common\\bean","type":"directory","isSymbolicLink":false,"children":[{"hashValue":"dfd7378244866a73c3613482ce54bed0","name":"BillPO.ts","path":"E:\\Harmony\\project\\wallet\\entry\\src\\main\\ets\\common\\bean\\BillPO.ts","type":"file","isSymbolicLink":false,"fileMetaData":{"size":584,"lastModifiedTime":1714915929952}},{"hashValue":"5e1f203142301a27944d0db0e940644b","name":"ColumnInfo.ts","path":"E:\\Harmony\\project\\wallet\\entry\\src\\main\\ets\\common\\bean\\ColumnInfo.ts","type":"file","isSymbolicLink":false,"fileMetaData":{"size":158,"lastModifiedTime":1706360173415}}]},{"hashValue":"d945c7bf6c28dd5220d3e253b8400df2","name":"utils","path":"E:\\Harmony\\project\\wallet\\entry\\src\\main\\ets\\common\\utils","type":"directory","isSymbolicLink":false,"children":[{"hashValue":"869eff42652e5d3f06663c17de726460","name":"BreakpointSystem.ets","path":"E:\\Harmony\\project\\wallet\\entry\\src\\main\\ets\\common\\utils\\BreakpointSystem.ets","type":"file","isSymbolicLink":false,"fileMetaData":{"size":1987,"lastModifiedTime":1714566791000}},{"hashValue":"f5338d69aeedc1a2650e897aade8d02d","name":"ColorUtil.ts","path":"E:\\Harmony\\project\\wallet\\entry\\src\\main\\ets\\common\\utils\\ColorUtil.ts","type":"file","isSymbolicLink":false,"fileMetaData":{"size":1472,"lastModifiedTime":1714895049052}},{"hashValue":"f56f55d53697dc4c6c8973e2b115e88b","name":"DateUtil.ts","path":"E:\\Harmony\\project\\wallet\\entry\\src\\main\\ets\\common\\utils\\DateUtil.ts","type":"file","isSymbolicLink":false,"fileMetaData":{"size":498,"lastModifiedTime":1714566791000}},{"hashValue":"8c52cd424ada1140aee7f7efcb99a01c","name":"DbUtil.ts","path":"E:\\Harmony\\project\\wallet\\entry\\src\\main\\ets\\common\\utils\\DbUtil.ts","type":"file","isSymbolicLink":false,"fileMetaData":{"size":6660,"lastModifiedTime":1714916358104}},{"hashValue":"d28ed538c1e960c3b3e171429671d01d","name":"Logger.ts","path":"E:\\Harmony\\project\\wallet\\entry\\src\\main\\ets\\common\\utils\\Logger.ts","type":"file","isSymbolicLink":false,"fileMetaData":{"size":1056,"lastModifiedTime":1714566791000}},{"hashValue":"69c681ecbfbf78c4bbc93db26cdcb8d2","name":"PreferenceUtil.ts","path":"E:\\Harmony\\project\\wallet\\entry\\src\\main\\ets\\common\\utils\\PreferenceUtil.ts","type":"file","isSymbolicLink":false,"fileMetaData":{"size":1605,"lastModifiedTime":1714566791000}}]}]},{"hashValue":"39475d6fb9baf764161a9f2a7130c3df","name":"entryability","path":"E:\\Harmony\\project\\wallet\\entry\\src\\main\\ets\\entryability","type":"directory","isSymbolicLink":false,"children":[{"hashValue":"fd097d59637e91a7d415c07885465ff6","name":"EntryAbility.ts","path":"E:\\Harmony\\project\\wallet\\entry\\src\\main\\ets\\entryability\\EntryAbility.ts","type":"file","isSymbolicLink":false,"fileMetaData":{"size":1557,"lastModifiedTime":1714566791000}}]},{"hashValue":"8a23e7b6928389f3778ee09ac8e22cb5","name":"model","path":"E:\\Harmony\\project\\wallet\\entry\\src\\main\\ets\\model","type":"directory","isSymbolicLink":false,"children":[{"hashValue":"2d4b1a9de80299f620a8535a49f30fec","name":"BillTypeModel.ets","path":"E:\\Harmony\\project\\wallet\\entry\\src\\main\\ets\\model\\BillTypeModel.ets","type":"file","isSymbolicLink":false,"fileMetaData":{"size":734,"lastModifiedTime":1714898213734}},{"hashValue":"954988b1e19921985438297026914719","name":"ItemModel.ets","path":"E:\\Harmony\\project\\wallet\\entry\\src\\main\\ets\\model\\ItemModel.ets","type":"file","isSymbolicLink":false,"fileMetaData":{"size":1806,"lastModifiedTime":1714916903003}}]},{"hashValue":"0f93b7767303e7c1222bac867b320ccf","name":"pages","path":"E:\\Harmony\\project\\wallet\\entry\\src\\main\\ets\\pages","type":"directory","isSymbolicLink":false,"children":[{"hashValue":"22fa8987e9bf868d6a3b7572c0eb69cd","name":"Index.ets","path":"E:\\Harmony\\project\\wallet\\entry\\src\\main\\ets\\pages\\Index.ets","type":"file","isSymbolicLink":false,"fileMetaData":{"size":267,"lastModifiedTime":1714566791000}},{"hashValue":"91b48f8168b4470e33208e05ca26d9d7","name":"ItemIndex.ets","path":"E:\\Harmony\\project\\wallet\\entry\\src\\main\\ets\\pages\\ItemIndex.ets","type":"file","isSymbolicLink":false,"fileMetaData":{"size":2769,"lastModifiedTime":1714716659548}},{"hashValue":"b247e642398a14a1f258021c504d6d24","name":"Welcome.ets","path":"E:\\Harmony\\project\\wallet\\entry\\src\\main\\ets\\pages\\Welcome.ets","type":"file","isSymbolicLink":false,"fileMetaData":{"size":1577,"lastModifiedTime":1714566791000}}]},{"hashValue":"7293691b9b071b64c65d40796a7568b2","name":"viewmodel","path":"E:\\Harmony\\project\\wallet\\entry\\src\\main\\ets\\viewmodel","type":"directory","isSymbolicLink":false,"children":[{"hashValue":"510234dd273077d8cf76da532e7589da","name":"Bill.ets","path":"E:\\Harmony\\project\\wallet\\entry\\src\\main\\ets\\viewmodel\\Bill.ets","type":"file","isSymbolicLink":false,"fileMetaData":{"size":718,"lastModifiedTime":1714891792184}},{"hashValue":"4d2ce5002334b865e732978352277291","name":"BillModelType.ets","path":"E:\\Harmony\\project\\wallet\\entry\\src\\main\\ets\\viewmodel\\BillModelType.ets","type":"file","isSymbolicLink":false,"fileMetaData":{"size":234,"lastModifiedTime":1714898029880}},{"hashValue":"23d9c9ea9a4464cf33999682aa35abea","name":"BillType.ets","path":"E:\\Harmony\\project\\wallet\\entry\\src\\main\\ets\\viewmodel\\BillType.ets","type":"file","isSymbolicLink":false,"fileMetaData":{"size":488,"lastModifiedTime":1714891879312}},{"hashValue":"08edc3ccbe043ddd0ebbf8695a9f268b","name":"GroupInfo.ets","path":"E:\\Harmony\\project\\wallet\\entry\\src\\main\\ets\\viewmodel\\GroupInfo.ets","type":"file","isSymbolicLink":false,"fileMetaData":{"size":255,"lastModifiedTime":1714891931504}}]},{"hashValue":"9c04b3c19345e4a179533e1b91480e71","name":"views","path":"E:\\Harmony\\project\\wallet\\entry\\src\\main\\ets\\views","type":"directory","isSymbolicLink":false,"children":[{"hashValue":"69457e3cf5cfbba18d88d87e0a7928d1","name":"item","path":"E:\\Harmony\\project\\wallet\\entry\\src\\main\\ets\\views\\item","type":"directory","isSymbolicLink":false,"children":[{"hashValue":"44141115433fc06c8a177562aa021eda","name":"ItemBudget.ets","path":"E:\\Harmony\\project\\wallet\\entry\\src\\main\\ets\\views\\item\\ItemBudget.ets","type":"file","isSymbolicLink":false,"fileMetaData":{"size":751,"lastModifiedTime":1714655898851}},{"hashValue":"48de1963905c2527ce01d60ce6edd051","name":"ItemBudgetAndIncome.ets","path":"E:\\Harmony\\project\\wallet\\entry\\src\\main\\ets\\views\\item\\ItemBudgetAndIncome.ets","type":"file","isSymbolicLink":false,"fileMetaData":{"size":1032,"lastModifiedTime":1714716282235}},{"hashValue":"1927fabf65977b86d75099f2f8cd5278","name":"ItemChart.ets","path":"E:\\Harmony\\project\\wallet\\entry\\src\\main\\ets\\views\\item\\ItemChart.ets","type":"file","isSymbolicLink":false,"fileMetaData":{"size":1982,"lastModifiedTime":1714727260187}},{"hashValue":"f80a03d92f3ad82b4f68d54856a82059","name":"ItemConsumeType.ets","path":"E:\\Harmony\\project\\wallet\\entry\\src\\main\\ets\\views\\item\\ItemConsumeType.ets","type":"file","isSymbolicLink":false,"fileMetaData":{"size":1293,"lastModifiedTime":1714716004475}},{"hashValue":"e122df381df56138f0dde2108af614ae","name":"ItemList.ets","path":"E:\\Harmony\\project\\wallet\\entry\\src\\main\\ets\\views\\item\\ItemList.ets","type":"file","isSymbolicLink":false,"fileMetaData":{"size":1070,"lastModifiedTime":1714717063270}},{"hashValue":"1ae102aa001acc0b936c70f5494221d5","name":"ItemShow.ets","path":"E:\\Harmony\\project\\wallet\\entry\\src\\main\\ets\\views\\item\\ItemShow.ets","type":"file","isSymbolicLink":false,"fileMetaData":{"size":560,"lastModifiedTime":1714655298014}},{"hashValue":"955a8e79d60a56ee84423a669e6e19af","name":"NumberKeyboard.ets","path":"E:\\Harmony\\project\\wallet\\entry\\src\\main\\ets\\views\\item\\NumberKeyboard.ets","type":"file","isSymbolicLink":false,"fileMetaData":{"size":2150,"lastModifiedTime":1714727429925}}]}]}]},"E:\\Harmony\\project\\wallet\\oh_modules\\.ohpm\\@ohos+axios@2.2.0\\oh_modules\\@ohos\\axios\\src\\main\\module.json":{"hashValue":"4f780a702268852d754b0307e908ee1d","name":"module.json","path":"E:\\Harmony\\project\\wallet\\oh_modules\\.ohpm\\@ohos+axios@2.2.0\\oh_modules\\@ohos\\axios\\src\\main\\module.json","type":"file","isSymbolicLink":false,"fileMetaData":{"size":384,"lastModifiedTime":1709896472000}},"E:\\Harmony\\project\\wallet\\oh_modules\\.ohpm\\@ohos+axios@2.2.0\\oh_modules\\@ohos\\axios\\src\\main\\resources":{"hashValue":"1dcc9062b7111c7084418b4422797285","name":"resources","path":"E:\\Harmony\\project\\wallet\\oh_modules\\.ohpm\\@ohos+axios@2.2.0\\oh_modules\\@ohos\\axios\\src\\main\\resources","type":"directory","isSymbolicLink":false,"children":[{"hashValue":"b618e4cfae2bd4532bac7e34d24db87f","name":"base","path":"E:\\Harmony\\project\\wallet\\oh_modules\\.ohpm\\@ohos+axios@2.2.0\\oh_modules\\@ohos\\axios\\src\\main\\resources\\base","type":"directory","isSymbolicLink":false,"children":[{"hashValue":"6f7598ab10413b5720e73ce7168708a3","name":"element","path":"E:\\Harmony\\project\\wallet\\oh_modules\\.ohpm\\@ohos+axios@2.2.0\\oh_modules\\@ohos\\axios\\src\\main\\resources\\base\\element","type":"directory","isSymbolicLink":false,"children":[{"hashValue":"31d91340b265727bfbb0e287cd8b3b09","name":"string.json","path":"E:\\Harmony\\project\\wallet\\oh_modules\\.ohpm\\@ohos+axios@2.2.0\\oh_modules\\@ohos\\axios\\src\\main\\resources\\base\\element\\string.json","type":"file","isSymbolicLink":false,"fileMetaData":{"size":108,"lastModifiedTime":1709896436000}}]}]},{"hashValue":"b618e4cfae2bd4532bac7e34d24db87f","name":"en_US","path":"E:\\Harmony\\project\\wallet\\oh_modules\\.ohpm\\@ohos+axios@2.2.0\\oh_modules\\@ohos\\axios\\src\\main\\resources\\en_US","type":"directory","isSymbolicLink":false,"children":[{"hashValue":"6f7598ab10413b5720e73ce7168708a3","name":"element","path":"E:\\Harmony\\project\\wallet\\oh_modules\\.ohpm\\@ohos+axios@2.2.0\\oh_modules\\@ohos\\axios\\src\\main\\resources\\en_US\\element","type":"directory","isSymbolicLink":false,"children":[{"hashValue":"31d91340b265727bfbb0e287cd8b3b09","name":"string.json","path":"E:\\Harmony\\project\\wallet\\oh_modules\\.ohpm\\@ohos+axios@2.2.0\\oh_modules\\@ohos\\axios\\src\\main\\resources\\en_US\\element\\string.json","type":"file","isSymbolicLink":false,"fileMetaData":{"size":108,"lastModifiedTime":1709896436000}}]}]},{"hashValue":"b618e4cfae2bd4532bac7e34d24db87f","name":"zh_CN","path":"E:\\Harmony\\project\\wallet\\oh_modules\\.ohpm\\@ohos+axios@2.2.0\\oh_modules\\@ohos\\axios\\src\\main\\resources\\zh_CN","type":"directory","isSymbolicLink":false,"children":[{"hashValue":"6f7598ab10413b5720e73ce7168708a3","name":"element","path":"E:\\Harmony\\project\\wallet\\oh_modules\\.ohpm\\@ohos+axios@2.2.0\\oh_modules\\@ohos\\axios\\src\\main\\resources\\zh_CN\\element","type":"directory","isSymbolicLink":false,"children":[{"hashValue":"31d91340b265727bfbb0e287cd8b3b09","name":"string.json","path":"E:\\Harmony\\project\\wallet\\oh_modules\\.ohpm\\@ohos+axios@2.2.0\\oh_modules\\@ohos\\axios\\src\\main\\resources\\zh_CN\\element\\string.json","type":"file","isSymbolicLink":false,"fileMetaData":{"size":108,"lastModifiedTime":1709896436000}}]}]}]},"E:\\Harmony\\project\\wallet\\oh_modules\\.ohpm\\@ohos+axios@2.2.0\\oh_modules\\@ohos\\axios\\index.js":{"hashValue":"89f9d9eebc6bd2f0d62b685b186a2078","name":"index.js","path":"E:\\Harmony\\project\\wallet\\oh_modules\\.ohpm\\@ohos+axios@2.2.0\\oh_modules\\@ohos\\axios\\index.js","type":"file","isSymbolicLink":false,"fileMetaData":{"size":743,"lastModifiedTime":1709896436000}},"E:\\Harmony\\project\\wallet\\oh_modules\\.ohpm\\@ohos+axios@2.2.0\\oh_modules\\@ohos\\axios\\src\\main\\ets":{"hashValue":"224fd0b8e87c903505ea6ac19baf64b9","name":"ets","path":"E:\\Harmony\\project\\wallet\\oh_modules\\.ohpm\\@ohos+axios@2.2.0\\oh_modules\\@ohos\\axios\\src\\main\\ets","type":"directory","isSymbolicLink":false,"children":[{"hashValue":"dc9d149d13c276fe46c3fb005c9ecce5","name":"components","path":"E:\\Harmony\\project\\wallet\\oh_modules\\.ohpm\\@ohos+axios@2.2.0\\oh_modules\\@ohos\\axios\\src\\main\\ets\\components","type":"directory","isSymbolicLink":false,"children":[{"hashValue":"6b2080b4c439cce2703e8c1949ae13e4","name":"lib","path":"E:\\Harmony\\project\\wallet\\oh_modules\\.ohpm\\@ohos+axios@2.2.0\\oh_modules\\@ohos\\axios\\src\\main\\ets\\components\\lib","type":"directory","isSymbolicLink":false,"children":[{"hashValue":"00d92f50d79bc18ac17ba1884e9834d6","name":"adapters","path":"E:\\Harmony\\project\\wallet\\oh_modules\\.ohpm\\@ohos+axios@2.2.0\\oh_modules\\@ohos\\axios\\src\\main\\ets\\components\\lib\\adapters","type":"directory","isSymbolicLink":false,"children":[{"hashValue":"479c15e900288a7dbfdf276cea7cad1a","name":"adapters.js","path":"E:\\Harmony\\project\\wallet\\oh_modules\\.ohpm\\@ohos+axios@2.2.0\\oh_modules\\@ohos\\axios\\src\\main\\ets\\components\\lib\\adapters\\adapters.js","type":"file","isSymbolicLink":false,"fileMetaData":{"size":1575,"lastModifiedTime":1709896436000}},{"hashValue":"f0d69c121f481d1d912640389cd8f6a0","name":"http.js","path":"E:\\Harmony\\project\\wallet\\oh_modules\\.ohpm\\@ohos+axios@2.2.0\\oh_modules\\@ohos\\axios\\src\\main\\ets\\components\\lib\\adapters\\http.js","type":"file","isSymbolicLink":false,"fileMetaData":{"size":21614,"lastModifiedTime":1709896436000}},{"hashValue":"338d8c297e370966d25192d71b2b9a99","name":"ohos","path":"E:\\Harmony\\project\\wallet\\oh_modules\\.ohpm\\@ohos+axios@2.2.0\\oh_modules\\@ohos\\axios\\src\\main\\ets\\components\\lib\\adapters\\ohos","type":"directory","isSymbolicLink":false,"children":[{"hashValue":"5ec5911e410c66cfa5fa9193e80c5a0e","name":"download.js","path":"E:\\Harmony\\project\\wallet\\oh_modules\\.ohpm\\@ohos+axios@2.2.0\\oh_modules\\@ohos\\axios\\src\\main\\ets\\components\\lib\\adapters\\ohos\\download.js","type":"file","isSymbolicLink":false,"fileMetaData":{"size":3568,"lastModifiedTime":1709896436000}},{"hashValue":"7b8ad5dbe8020214bd612c77cb406775","name":"http.js","path":"E:\\Harmony\\project\\wallet\\oh_modules\\.ohpm\\@ohos+axios@2.2.0\\oh_modules\\@ohos\\axios\\src\\main\\ets\\components\\lib\\adapters\\ohos\\http.js","type":"file","isSymbolicLink":false,"fileMetaData":{"size":4572,"lastModifiedTime":1709896436000}},{"hashValue":"205d3f8e2c4013a887f85d25f9e1584c","name":"index.js","path":"E:\\Harmony\\project\\wallet\\oh_modules\\.ohpm\\@ohos+axios@2.2.0\\oh_modules\\@ohos\\axios\\src\\main\\ets\\components\\lib\\adapters\\ohos\\index.js","type":"file","isSymbolicLink":false,"fileMetaData":{"size":2304,"lastModifiedTime":1709896436000}},{"hashValue":"13f95c56f0f3ab3a3c2c4d54acfbafea","name":"upload.js","path":"E:\\Harmony\\project\\wallet\\oh_modules\\.ohpm\\@ohos+axios@2.2.0\\oh_modules\\@ohos\\axios\\src\\main\\ets\\components\\lib\\adapters\\ohos\\upload.js","type":"file","isSymbolicLink":false,"fileMetaData":{"size":6750,"lastModifiedTime":1709896436000}}]},{"hashValue":"e1f2c265e5e32a2837fc12627852f74e","name":"README.md","path":"E:\\Harmony\\project\\wallet\\oh_modules\\.ohpm\\@ohos+axios@2.2.0\\oh_modules\\@ohos\\axios\\src\\main\\ets\\components\\lib\\adapters\\README.md","type":"file","isSymbolicLink":false,"fileMetaData":{"size":952,"lastModifiedTime":1709896436000}},{"hashValue":"9ddde4bd21079711d55a33a4425426fb","name":"xhr.js","path":"E:\\Harmony\\project\\wallet\\oh_modules\\.ohpm\\@ohos+axios@2.2.0\\oh_modules\\@ohos\\axios\\src\\main\\ets\\components\\lib\\adapters\\xhr.js","type":"file","isSymbolicLink":false,"fileMetaData":{"size":8509,"lastModifiedTime":1709896436000}}]},{"hashValue":"351bed04b29718a60714147497170f65","name":"axios.js","path":"E:\\Harmony\\project\\wallet\\oh_modules\\.ohpm\\@ohos+axios@2.2.0\\oh_modules\\@ohos\\axios\\src\\main\\ets\\components\\lib\\axios.js","type":"file","isSymbolicLink":false,"fileMetaData":{"size":2626,"lastModifiedTime":1709896436000}},{"hashValue":"63a032029846666c6a2f00bff4837f4b","name":"cancel","path":"E:\\Harmony\\project\\wallet\\oh_modules\\.ohpm\\@ohos+axios@2.2.0\\oh_modules\\@ohos\\axios\\src\\main\\ets\\components\\lib\\cancel","type":"directory","isSymbolicLink":false,"children":[{"hashValue":"36e7cc9e37dc5342d4b3f72c7832735d","name":"CanceledError.js","path":"E:\\Harmony\\project\\wallet\\oh_modules\\.ohpm\\@ohos+axios@2.2.0\\oh_modules\\@ohos\\axios\\src\\main\\ets\\components\\lib\\cancel\\CanceledError.js","type":"file","isSymbolicLink":false,"fileMetaData":{"size":722,"lastModifiedTime":1709896436000}},{"hashValue":"1e56cebe72f2664a5b2af05796708f01","name":"CancelToken.js","path":"E:\\Harmony\\project\\wallet\\oh_modules\\.ohpm\\@ohos+axios@2.2.0\\oh_modules\\@ohos\\axios\\src\\main\\ets\\components\\lib\\cancel\\CancelToken.js","type":"file","isSymbolicLink":false,"fileMetaData":{"size":2646,"lastModifiedTime":1709896436000}},{"hashValue":"e2d1338441593e7e6f47f4961226fe57","name":"isCancel.js","path":"E:\\Harmony\\project\\wallet\\oh_modules\\.ohpm\\@ohos+axios@2.2.0\\oh_modules\\@ohos\\axios\\src\\main\\ets\\components\\lib\\cancel\\isCancel.js","type":"file","isSymbolicLink":false,"fileMetaData":{"size":104,"lastModifiedTime":1709896436000}}]},{"hashValue":"c6642f554b11c8078742130c7f54060f","name":"core","path":"E:\\Harmony\\project\\wallet\\oh_modules\\.ohpm\\@ohos+axios@2.2.0\\oh_modules\\@ohos\\axios\\src\\main\\ets\\components\\lib\\core","type":"directory","isSymbolicLink":false,"children":[{"hashValue":"9dc908c66b6124e4250fa1dc179c2c0b","name":"Axios.js","path":"E:\\Harmony\\project\\wallet\\oh_modules\\.ohpm\\@ohos+axios@2.2.0\\oh_modules\\@ohos\\axios\\src\\main\\ets\\components\\lib\\core\\Axios.js","type":"file","isSymbolicLink":false,"fileMetaData":{"size":6908,"lastModifiedTime":1709896436000}},{"hashValue":"518836246f0d79863c368b60761e70a6","name":"AxiosError.js","path":"E:\\Harmony\\project\\wallet\\oh_modules\\.ohpm\\@ohos+axios@2.2.0\\oh_modules\\@ohos\\axios\\src\\main\\ets\\components\\lib\\core\\AxiosError.js","type":"file","isSymbolicLink":false,"fileMetaData":{"size":2632,"lastModifiedTime":1709896436000}},{"hashValue":"d87f37bc1768b70fc1ac237744a86554","name":"AxiosHeaders.js","path":"E:\\Harmony\\project\\wallet\\oh_modules\\.ohpm\\@ohos+axios@2.2.0\\oh_modules\\@ohos\\axios\\src\\main\\ets\\components\\lib\\core\\AxiosHeaders.js","type":"file","isSymbolicLink":false,"fileMetaData":{"size":6966,"lastModifiedTime":1709896436000}},{"hashValue":"48d585da190c8197b69bfb10bf5e71e8","name":"buildFullPath.js","path":"E:\\Harmony\\project\\wallet\\oh_modules\\.ohpm\\@ohos+axios@2.2.0\\oh_modules\\@ohos\\axios\\src\\main\\ets\\components\\lib\\core\\buildFullPath.js","type":"file","isSymbolicLink":false,"fileMetaData":{"size":716,"lastModifiedTime":1709896436000}},{"hashValue":"c4f7431d578387a19fd814b7cac19f15","name":"dispatchRequest.js","path":"E:\\Harmony\\project\\wallet\\oh_modules\\.ohpm\\@ohos+axios@2.2.0\\oh_modules\\@ohos\\axios\\src\\main\\ets\\components\\lib\\core\\dispatchRequest.js","type":"file","isSymbolicLink":false,"fileMetaData":{"size":2268,"lastModifiedTime":1709896436000}},{"hashValue":"a93cb13863e29f0fe5f416ce4325d108","name":"InterceptorManager.js","path":"E:\\Harmony\\project\\wallet\\oh_modules\\.ohpm\\@ohos+axios@2.2.0\\oh_modules\\@ohos\\axios\\src\\main\\ets\\components\\lib\\core\\InterceptorManager.js","type":"file","isSymbolicLink":false,"fileMetaData":{"size":1640,"lastModifiedTime":1709896436000}},{"hashValue":"5df0e9bdaf438b69080510b382cbe98c","name":"mergeConfig.js","path":"E:\\Harmony\\project\\wallet\\oh_modules\\.ohpm\\@ohos+axios@2.2.0\\oh_modules\\@ohos\\axios\\src\\main\\ets\\components\\lib\\core\\mergeConfig.js","type":"file","isSymbolicLink":false,"fileMetaData":{"size":3447,"lastModifiedTime":1709896436000}},{"hashValue":"cb88b647a395a28a2c7c0168a25f90b7","name":"README.md","path":"E:\\Harmony\\project\\wallet\\oh_modules\\.ohpm\\@ohos+axios@2.2.0\\oh_modules\\@ohos\\axios\\src\\main\\ets\\components\\lib\\core\\README.md","type":"file","isSymbolicLink":false,"fileMetaData":{"size":407,"lastModifiedTime":1709896436000}},{"hashValue":"2f4999bc3e7a1bfbf529c264515d2ba7","name":"settle.js","path":"E:\\Harmony\\project\\wallet\\oh_modules\\.ohpm\\@ohos+axios@2.2.0\\oh_modules\\@ohos\\axios\\src\\main\\ets\\components\\lib\\core\\settle.js","type":"file","isSymbolicLink":false,"fileMetaData":{"size":863,"lastModifiedTime":1709896436000}},{"hashValue":"06008075c7c8986c88864b5bd70e6d88","name":"transformData.js","path":"E:\\Harmony\\project\\wallet\\oh_modules\\.ohpm\\@ohos+axios@2.2.0\\oh_modules\\@ohos\\axios\\src\\main\\ets\\components\\lib\\core\\transformData.js","type":"file","isSymbolicLink":false,"fileMetaData":{"size":806,"lastModifiedTime":1709896436000}}]},{"hashValue":"a4f394a035cbcb1cef99ac97ccfc065d","name":"defaults","path":"E:\\Harmony\\project\\wallet\\oh_modules\\.ohpm\\@ohos+axios@2.2.0\\oh_modules\\@ohos\\axios\\src\\main\\ets\\components\\lib\\defaults","type":"directory","isSymbolicLink":false,"children":[{"hashValue":"f0df8df25928fd9611e061f88122b908","name":"index.js","path":"E:\\Harmony\\project\\wallet\\oh_modules\\.ohpm\\@ohos+axios@2.2.0\\oh_modules\\@ohos\\axios\\src\\main\\ets\\components\\lib\\defaults\\index.js","type":"file","isSymbolicLink":false,"fileMetaData":{"size":4774,"lastModifiedTime":1709896436000}},{"hashValue":"8eb06f89b9aa97e025c6b22deeff2ea3","name":"transitional.js","path":"E:\\Harmony\\project\\wallet\\oh_modules\\.ohpm\\@ohos+axios@2.2.0\\oh_modules\\@ohos\\axios\\src\\main\\ets\\components\\lib\\defaults\\transitional.js","type":"file","isSymbolicLink":false,"fileMetaData":{"size":125,"lastModifiedTime":1709896436000}}]},{"hashValue":"b82724e34c7609ce7fbe6ca5601a600c","name":"env","path":"E:\\Harmony\\project\\wallet\\oh_modules\\.ohpm\\@ohos+axios@2.2.0\\oh_modules\\@ohos\\axios\\src\\main\\ets\\components\\lib\\env","type":"directory","isSymbolicLink":false,"children":[{"hashValue":"3bcb38982dc00404460cf963d2ca7946","name":"classes","path":"E:\\Harmony\\project\\wallet\\oh_modules\\.ohpm\\@ohos+axios@2.2.0\\oh_modules\\@ohos\\axios\\src\\main\\ets\\components\\lib\\env\\classes","type":"directory","isSymbolicLink":false,"children":[{"hashValue":"19711dd0453ed1f0793ef54d2fcab7b7","name":"FormData.js","path":"E:\\Harmony\\project\\wallet\\oh_modules\\.ohpm\\@ohos+axios@2.2.0\\oh_modules\\@ohos\\axios\\src\\main\\ets\\components\\lib\\env\\classes\\FormData.js","type":"file","isSymbolicLink":false,"fileMetaData":{"size":1713,"lastModifiedTime":1709896436000}}]},{"hashValue":"035bf1c423cbddd054eff54a7f4b90ad","name":"data.js","path":"E:\\Harmony\\project\\wallet\\oh_modules\\.ohpm\\@ohos+axios@2.2.0\\oh_modules\\@ohos\\axios\\src\\main\\ets\\components\\lib\\env\\data.js","type":"file","isSymbolicLink":false,"fileMetaData":{"size":31,"lastModifiedTime":1709896436000}},{"hashValue":"91d354765eac4bc3bc158f4f7c94624f","name":"README.md","path":"E:\\Harmony\\project\\wallet\\oh_modules\\.ohpm\\@ohos+axios@2.2.0\\oh_modules\\@ohos\\axios\\src\\main\\ets\\components\\lib\\env\\README.md","type":"file","isSymbolicLink":false,"fileMetaData":{"size":134,"lastModifiedTime":1709896436000}}]},{"hashValue":"310df05b74e22a8cab8500bc626e7e09","name":"fileFs.js","path":"E:\\Harmony\\project\\wallet\\oh_modules\\.ohpm\\@ohos+axios@2.2.0\\oh_modules\\@ohos\\axios\\src\\main\\ets\\components\\lib\\fileFs.js","type":"file","isSymbolicLink":false,"fileMetaData":{"size":2466,"lastModifiedTime":1709896436000}},{"hashValue":"241d01c7b54550150dd3220493786184","name":"helpers","path":"E:\\Harmony\\project\\wallet\\oh_modules\\.ohpm\\@ohos+axios@2.2.0\\oh_modules\\@ohos\\axios\\src\\main\\ets\\components\\lib\\helpers","type":"directory","isSymbolicLink":false,"children":[{"hashValue":"0f80226833e63837873e17208c7bcf42","name":"AxiosTransformStream.js","path":"E:\\Harmony\\project\\wallet\\oh_modules\\.ohpm\\@ohos+axios@2.2.0\\oh_modules\\@ohos\\axios\\src\\main\\ets\\components\\lib\\helpers\\AxiosTransformStream.js","type":"file","isSymbolicLink":false,"fileMetaData":{"size":5277,"lastModifiedTime":1709896436000}},{"hashValue":"ceb9179d994a957673b69b464cfd93d8","name":"AxiosURLSearchParams.js","path":"E:\\Harmony\\project\\wallet\\oh_modules\\.ohpm\\@ohos+axios@2.2.0\\oh_modules\\@ohos\\axios\\src\\main\\ets\\components\\lib\\helpers\\AxiosURLSearchParams.js","type":"file","isSymbolicLink":false,"fileMetaData":{"size":1497,"lastModifiedTime":1709896436000}},{"hashValue":"e35ac14f9d41a35f3cb6b05da8551527","name":"bind.js","path":"E:\\Harmony\\project\\wallet\\oh_modules\\.ohpm\\@ohos+axios@2.2.0\\oh_modules\\@ohos\\axios\\src\\main\\ets\\components\\lib\\helpers\\bind.js","type":"file","isSymbolicLink":false,"fileMetaData":{"size":141,"lastModifiedTime":1709896436000}},{"hashValue":"e13049d1601d5cd330d7a7ee3d5892ae","name":"buildURL.js","path":"E:\\Harmony\\project\\wallet\\oh_modules\\.ohpm\\@ohos+axios@2.2.0\\oh_modules\\@ohos\\axios\\src\\main\\ets\\components\\lib\\helpers\\buildURL.js","type":"file","isSymbolicLink":false,"fileMetaData":{"size":1622,"lastModifiedTime":1709896436000}},{"hashValue":"2b3417015171df408ef12728d323ee70","name":"combineURLs.js","path":"E:\\Harmony\\project\\wallet\\oh_modules\\.ohpm\\@ohos+axios@2.2.0\\oh_modules\\@ohos\\axios\\src\\main\\ets\\components\\lib\\helpers\\combineURLs.js","type":"file","isSymbolicLink":false,"fileMetaData":{"size":395,"lastModifiedTime":1709896436000}},{"hashValue":"09c4b5cea6fb3fc008e3f5fae0af723f","name":"cookies.js","path":"E:\\Harmony\\project\\wallet\\oh_modules\\.ohpm\\@ohos+axios@2.2.0\\oh_modules\\@ohos\\axios\\src\\main\\ets\\components\\lib\\helpers\\cookies.js","type":"file","isSymbolicLink":false,"fileMetaData":{"size":1455,"lastModifiedTime":1709896436000}},{"hashValue":"2dc805d5dd7fdf428d7b2db0d9f9eb92","name":"deprecatedMethod.js","path":"E:\\Harmony\\project\\wallet\\oh_modules\\.ohpm\\@ohos+axios@2.2.0\\oh_modules\\@ohos\\axios\\src\\main\\ets\\components\\lib\\helpers\\deprecatedMethod.js","type":"file","isSymbolicLink":false,"fileMetaData":{"size":772,"lastModifiedTime":1709896436000}},{"hashValue":"87c3e4f02c65eb8576970f3607d14fda","name":"formDataToJSON.js","path":"E:\\Harmony\\project\\wallet\\oh_modules\\.ohpm\\@ohos+axios@2.2.0\\oh_modules\\@ohos\\axios\\src\\main\\ets\\components\\lib\\helpers\\formDataToJSON.js","type":"file","isSymbolicLink":false,"fileMetaData":{"size":2211,"lastModifiedTime":1709896436000}},{"hashValue":"3bddc1e1449f0e0b15426b4aced959e1","name":"formDataToStream.js","path":"E:\\Harmony\\project\\wallet\\oh_modules\\.ohpm\\@ohos+axios@2.2.0\\oh_modules\\@ohos\\axios\\src\\main\\ets\\components\\lib\\helpers\\formDataToStream.js","type":"file","isSymbolicLink":false,"fileMetaData":{"size":2980,"lastModifiedTime":1709896436000}},{"hashValue":"ffced4d26d92012170de311ff6100f6d","name":"fromDataURI.js","path":"E:\\Harmony\\project\\wallet\\oh_modules\\.ohpm\\@ohos+axios@2.2.0\\oh_modules\\@ohos\\axios\\src\\main\\ets\\components\\lib\\helpers\\fromDataURI.js","type":"file","isSymbolicLink":false,"fileMetaData":{"size":1418,"lastModifiedTime":1709896436000}},{"hashValue":"2f633079e72cd05b902c0914d1e24382","name":"HttpStatusCode.js","path":"E:\\Harmony\\project\\wallet\\oh_modules\\.ohpm\\@ohos+axios@2.2.0\\oh_modules\\@ohos\\axios\\src\\main\\ets\\components\\lib\\helpers\\HttpStatusCode.js","type":"file","isSymbolicLink":false,"fileMetaData":{"size":1671,"lastModifiedTime":1709896436000}},{"hashValue":"d2f7f5aec449c4cc1b3b706b33c22373","name":"isAbsoluteURL.js","path":"E:\\Harmony\\project\\wallet\\oh_modules\\.ohpm\\@ohos+axios@2.2.0\\oh_modules\\@ohos\\axios\\src\\main\\ets\\components\\lib\\helpers\\isAbsoluteURL.js","type":"file","isSymbolicLink":false,"fileMetaData":{"size":576,"lastModifiedTime":1709896436000}},{"hashValue":"8ee422065eb65f09f4f476c1bb050c5c","name":"isAxiosError.js","path":"E:\\Harmony\\project\\wallet\\oh_modules\\.ohpm\\@ohos+axios@2.2.0\\oh_modules\\@ohos\\axios\\src\\main\\ets\\components\\lib\\helpers\\isAxiosError.js","type":"file","isSymbolicLink":false,"fileMetaData":{"size":387,"lastModifiedTime":1709896436000}},{"hashValue":"0e21a3bed98b83148a1296bb30f916c0","name":"isURLSameOrigin.js","path":"E:\\Harmony\\project\\wallet\\oh_modules\\.ohpm\\@ohos+axios@2.2.0\\oh_modules\\@ohos\\axios\\src\\main\\ets\\components\\lib\\helpers\\isURLSameOrigin.js","type":"file","isSymbolicLink":false,"fileMetaData":{"size":2334,"lastModifiedTime":1709896436000}},{"hashValue":"f90117da93c9aa9a692fa83e72436f56","name":"null.js","path":"E:\\Harmony\\project\\wallet\\oh_modules\\.ohpm\\@ohos+axios@2.2.0\\oh_modules\\@ohos\\axios\\src\\main\\ets\\components\\lib\\helpers\\null.js","type":"file","isSymbolicLink":false,"fileMetaData":{"size":58,"lastModifiedTime":1709896436000}},{"hashValue":"ab84196ddbcfe449b982c67080a3524a","name":"parseHeaders.js","path":"E:\\Harmony\\project\\wallet\\oh_modules\\.ohpm\\@ohos+axios@2.2.0\\oh_modules\\@ohos\\axios\\src\\main\\ets\\components\\lib\\helpers\\parseHeaders.js","type":"file","isSymbolicLink":false,"fileMetaData":{"size":1437,"lastModifiedTime":1709896436000}},{"hashValue":"4e5ca0714e9140570a21c7512c40e2c5","name":"parseProtocol.js","path":"E:\\Harmony\\project\\wallet\\oh_modules\\.ohpm\\@ohos+axios@2.2.0\\oh_modules\\@ohos\\axios\\src\\main\\ets\\components\\lib\\helpers\\parseProtocol.js","type":"file","isSymbolicLink":false,"fileMetaData":{"size":157,"lastModifiedTime":1709896436000}},{"hashValue":"20bb50680ef2a86cdbda5423b5b6f4d7","name":"readBlob.js","path":"E:\\Harmony\\project\\wallet\\oh_modules\\.ohpm\\@ohos+axios@2.2.0\\oh_modules\\@ohos\\axios\\src\\main\\ets\\components\\lib\\helpers\\readBlob.js","type":"file","isSymbolicLink":false,"fileMetaData":{"size":333,"lastModifiedTime":1709896436000}},{"hashValue":"24e89595655783be2a36d273d57daea2","name":"README.md","path":"E:\\Harmony\\project\\wallet\\oh_modules\\.ohpm\\@ohos+axios@2.2.0\\oh_modules\\@ohos\\axios\\src\\main\\ets\\components\\lib\\helpers\\README.md","type":"file","isSymbolicLink":false,"fileMetaData":{"size":358,"lastModifiedTime":1709896436000}},{"hashValue":"cdfdbbca1cc4eb96bc0f0ef5b2c776fe","name":"speedometer.js","path":"E:\\Harmony\\project\\wallet\\oh_modules\\.ohpm\\@ohos+axios@2.2.0\\oh_modules\\@ohos\\axios\\src\\main\\ets\\components\\lib\\helpers\\speedometer.js","type":"file","isSymbolicLink":false,"fileMetaData":{"size":1147,"lastModifiedTime":1709896436000}},{"hashValue":"ce1923a2595128c31cf457b7e0d03ffb","name":"spread.js","path":"E:\\Harmony\\project\\wallet\\oh_modules\\.ohpm\\@ohos+axios@2.2.0\\oh_modules\\@ohos\\axios\\src\\main\\ets\\components\\lib\\helpers\\spread.js","type":"file","isSymbolicLink":false,"fileMetaData":{"size":592,"lastModifiedTime":1709896436000}},{"hashValue":"8919e77bd27a79c8142b20de53700f92","name":"throttle.js","path":"E:\\Harmony\\project\\wallet\\oh_modules\\.ohpm\\@ohos+axios@2.2.0\\oh_modules\\@ohos\\axios\\src\\main\\ets\\components\\lib\\helpers\\throttle.js","type":"file","isSymbolicLink":false,"fileMetaData":{"size":735,"lastModifiedTime":1709896436000}},{"hashValue":"fa0f263fcb7b3ca0a20bf76328610c54","name":"toFormData.js","path":"E:\\Harmony\\project\\wallet\\oh_modules\\.ohpm\\@ohos+axios@2.2.0\\oh_modules\\@ohos\\axios\\src\\main\\ets\\components\\lib\\helpers\\toFormData.js","type":"file","isSymbolicLink":false,"fileMetaData":{"size":6263,"lastModifiedTime":1709896436000}},{"hashValue":"d9de57a27fc20a36a472b76def15481b","name":"toURLEncodedForm.js","path":"E:\\Harmony\\project\\wallet\\oh_modules\\.ohpm\\@ohos+axios@2.2.0\\oh_modules\\@ohos\\axios\\src\\main\\ets\\components\\lib\\helpers\\toURLEncodedForm.js","type":"file","isSymbolicLink":false,"fileMetaData":{"size":566,"lastModifiedTime":1709896436000}},{"hashValue":"4195914eb81f8821d8bb632aee814883","name":"validator.js","path":"E:\\Harmony\\project\\wallet\\oh_modules\\.ohpm\\@ohos+axios@2.2.0\\oh_modules\\@ohos\\axios\\src\\main\\ets\\components\\lib\\helpers\\validator.js","type":"file","isSymbolicLink":false,"fileMetaData":{"size":2648,"lastModifiedTime":1709896436000}},{"hashValue":"2687035571d8823c093065ff5f349eb3","name":"ZlibHeaderTransformStream.js","path":"E:\\Harmony\\project\\wallet\\oh_modules\\.ohpm\\@ohos+axios@2.2.0\\oh_modules\\@ohos\\axios\\src\\main\\ets\\components\\lib\\helpers\\ZlibHeaderTransformStream.js","type":"file","isSymbolicLink":false,"fileMetaData":{"size":709,"lastModifiedTime":1709896436000}}]},{"hashValue":"ed144c1450c1ee810e7240c82414832a","name":"platform","path":"E:\\Harmony\\project\\wallet\\oh_modules\\.ohpm\\@ohos+axios@2.2.0\\oh_modules\\@ohos\\axios\\src\\main\\ets\\components\\lib\\platform","type":"directory","isSymbolicLink":false,"children":[{"hashValue":"c39aad13c6a52479d834daee37bc4904","name":"index.js","path":"E:\\Harmony\\project\\wallet\\oh_modules\\.ohpm\\@ohos+axios@2.2.0\\oh_modules\\@ohos\\axios\\src\\main\\ets\\components\\lib\\platform\\index.js","type":"file","isSymbolicLink":false,"fileMetaData":{"size":73,"lastModifiedTime":1709896436000}},{"hashValue":"ac3c2030ada8f3c557d52343efffa870","name":"ohos","path":"E:\\Harmony\\project\\wallet\\oh_modules\\.ohpm\\@ohos+axios@2.2.0\\oh_modules\\@ohos\\axios\\src\\main\\ets\\components\\lib\\platform\\ohos","type":"directory","isSymbolicLink":false,"children":[{"hashValue":"a19bfc090750c66ccb66be019d58ab40","name":"classes","path":"E:\\Harmony\\project\\wallet\\oh_modules\\.ohpm\\@ohos+axios@2.2.0\\oh_modules\\@ohos\\axios\\src\\main\\ets\\components\\lib\\platform\\ohos\\classes","type":"directory","isSymbolicLink":false,"children":[{"hashValue":"42e0e29f0b55b5ebd33bb33741235ea6","name":"FormData.js","path":"E:\\Harmony\\project\\wallet\\oh_modules\\.ohpm\\@ohos+axios@2.2.0\\oh_modules\\@ohos\\axios\\src\\main\\ets\\components\\lib\\platform\\ohos\\classes\\FormData.js","type":"file","isSymbolicLink":false,"fileMetaData":{"size":768,"lastModifiedTime":1709896436000}},{"hashValue":"4c911455a88da26330b33a8de7bbc9d0","name":"URLSearchParams.js","path":"E:\\Harmony\\project\\wallet\\oh_modules\\.ohpm\\@ohos+axios@2.2.0\\oh_modules\\@ohos\\axios\\src\\main\\ets\\components\\lib\\platform\\ohos\\classes\\URLSearchParams.js","type":"file","isSymbolicLink":false,"fileMetaData":{"size":765,"lastModifiedTime":1709896436000}}]},{"hashValue":"cb6b1ab0177a353dda149dd04e467c99","name":"index.js","path":"E:\\Harmony\\project\\wallet\\oh_modules\\.ohpm\\@ohos+axios@2.2.0\\oh_modules\\@ohos\\axios\\src\\main\\ets\\components\\lib\\platform\\ohos\\index.js","type":"file","isSymbolicLink":false,"fileMetaData":{"size":991,"lastModifiedTime":1709896436000}}]}]},{"hashValue":"128b21b538b1a8afbb78634306938b97","name":"utils.js","path":"E:\\Harmony\\project\\wallet\\oh_modules\\.ohpm\\@ohos+axios@2.2.0\\oh_modules\\@ohos\\axios\\src\\main\\ets\\components\\lib\\utils.js","type":"file","isSymbolicLink":false,"fileMetaData":{"size":18118,"lastModifiedTime":1709896436000}}]}]}]},"{\"commandList\":[\"C:\\\\Users\\\\86185\\\\AppData\\\\Local\\\\Huawei\\\\openharmony\\\\9\\\\toolchains\\\\restool.exe\",\"-m\",\"entry\",\"-f\",\"-j\",\"E:\\\\Harmony\\\\project\\\\wallet\\\\entry\\\\.preview\\\\default\\\\intermediates\\\\process_profile\\\\default\\\\module.json\",\"-p\",\"com.example.tallyapplication\",\"-o\",\"E:\\\\Harmony\\\\project\\\\wallet\\\\entry\\\\.preview\\\\default\\\\intermediates\\\\res\\\\default\",\"-r\",\"E:\\\\Harmony\\\\project\\\\wallet\\\\entry\\\\.preview\\\\default\\\\generated\\\\r\\\\default\\\\ResourceTable.h\"],\"inputFiles\":{\"_group\":{}},\"outputFiles\":{\"_group\":{}},\"existsResourceDir\":true,\"restoolLinkParamObj\":{\"appScopeResources\":\"E:\\\\Harmony\\\\project\\\\wallet\\\\AppScope\\\\resources\",\"moduleResourcesMap\":{},\"harResourcesMap\":{},\"outputPath\":\"E:\\\\Harmony\\\\project\\\\wallet\\\\entry\\\\.preview\\\\default\\\\intermediates\\\\res\\\\default\",\"linkCommand\":[\"C:\\\\Users\\\\86185\\\\AppData\\\\Local\\\\Huawei\\\\openharmony\\\\9\\\\toolchains\\\\restool.exe\",\"-m\",\"entry\",\"-f\",\"-j\",\"E:\\\\Harmony\\\\project\\\\wallet\\\\entry\\\\.preview\\\\default\\\\intermediates\\\\process_profile\\\\default\\\\module.json\",\"-p\",\"com.example.tallyapplication\",\"-r\",\"E:\\\\Harmony\\\\project\\\\wallet\\\\entry\\\\.preview\\\\default\\\\generated\\\\r\\\\default\\\\ResourceTable.h\",\"-z\"]}}":{"hashValue":"","name":"emptyroot","path":"","type":"unknown","isSymbolicLink":false,"children":[]},"E:\\Harmony\\project\\wallet\\entry\\.preview\\default\\intermediates\\loader_out\\default\\ets":{"hashValue":"","name":"emptyroot","path":"","type":"unknown","isSymbolicLink":false,"children":[]}}