{":wallet:entry:default@PreBuild":{"_inputs":[{"dataType":"ValueEntry","value":"{\"_name\":\"BUILTIN_TASK_COMMAND\",\"_value\":\"\",\"_valueType\":\"string\",\"_hash\":\"0b5d05294fdf4e78e8482ef53eb64ac0\"}"},{"dataType":"ValueEntry","value":"{\"_name\":\"BUILTIN_TASK_ENV\",\"_value\":\"\",\"_valueType\":\"string\",\"_hash\":\"cdcdc2ec8062ca9ec1de46dbf2bbc053\"}"},{"dataType":"ValueEntry","value":"{\"_name\":\"BUILTIN_TASK_TOOLCHAIN\",\"_value\":\"\",\"_valueType\":\"string\",\"_hash\":\"e7f94a9422a8bc317a7d90b58efcb5f6\"}"},{"dataType":"ValueEntry","value":"{\"_name\":\"apiType\",\"_value\":\"stageMode\",\"_valueType\":\"string\",\"_hash\":\"699c7565645ea3ea8c88551a4926a3d5\"}"},{"dataType":"ValueEntry","value":"{\"_name\":\"codeType\",\"_value\":true,\"_valueType\":\"boolean\",\"_hash\":\"d6dcf21a9f078b661283507536e57ce8\"}"},{"dataType":"ValueEntry","value":"{\"_name\":\"compatibleApiVersion\",\"_value\":9,\"_valueType\":\"number\",\"_hash\":\"8f14da7cda665d5f6676adf8a127634f\"}"},{"dataType":"ValueEntry","value":"{\"_name\":\"compileApiVersion\",\"_value\":9,\"_valueType\":\"number\",\"_hash\":\"cdd5413832c7470f85f225c67a87a683\"}"},{"dataType":"ValueEntry","value":"{\"_name\":\"customTypes\",\"_value\":\"\",\"_valueType\":\"string\",\"_hash\":\"970a2695bffac1c5a4fa283dc36050e3\"}"},{"dataType":"ValueEntry","value":"{\"_name\":\"deviceType\",\"_value\":[\"phone\",\"tablet\"],\"_valueType\":\"object\",\"_hash\":\"6b8c09abb74b3d778d7ce1bc1efb26ef\"}"},{"dataType":"ValueEntry","value":"{\"_name\":\"isSupportOhpmProj\",\"_value\":true,\"_valueType\":\"boolean\",\"_hash\":\"f3a249d7e3f751316e931b8a08b074b4\"}"},{"dataType":"ValueEntry","value":"{\"_name\":\"profileModuleName\",\"_value\":\"entry\",\"_valueType\":\"string\",\"_hash\":\"b174ea6ff5824844dde5ad92f6b3ef2b\"}"},{"dataType":"ValueEntry","value":"{\"_name\":\"sdkToolchainsComponentVersion\",\"_value\":\"3.2.3.6\",\"_valueType\":\"string\",\"_hash\":\"83f7d8c8367eae284c2544b1588e5068\"}"},{"dataType":"ValueEntry","value":"{\"_name\":\"targetStatusCode\",\"_value\":2,\"_valueType\":\"number\",\"_hash\":\"5a9255c0f4ee50904a9349ebafca8369\"}"}],"_successful":true,"_projectName":"wallet","_moduleName":"entry","_taskName":"default@PreBuild","_key":":wallet:entry:default@PreBuild","_executionId":":wallet:entry:default@PreBuild:1714629650778","_inputFiles":{"dataType":"Map","value":[["E:\\Harmony\\project\\wallet\\AppScope\\app.json5",{"isDirectory":false,"fileSnapShotHashValue":"57f753f5ddf0546bb93250cab0125472"}],["E:\\Harmony\\project\\wallet\\entry\\src\\main\\module.json5",{"isDirectory":false,"fileSnapShotHashValue":"fb1d9ab599ef5712d13b1fa78522795c"}],["E:\\Harmony\\project\\wallet\\entry\\src\\main\\resources\\base\\profile\\main_pages.json",{"fileSnapShotHashValue":"ed6d1424bf8181e8c11ca6712c3ea416"}],["E:\\Harmony\\project\\wallet\\entry\\oh-package.json5",{"fileSnapShotHashValue":"ea5c10aed125b639a4591fd33ced3e44"}]]},"_outputFiles":{"dataType":"Map","value":[]}},":wallet:entry:default@MergeProfile":{"_inputs":[{"dataType":"ValueEntry","value":"{\"_name\":\"BUILTIN_TASK_COMMAND\",\"_value\":\"\",\"_valueType\":\"string\",\"_hash\":\"0b5d05294fdf4e78e8482ef53eb64ac0\"}"},{"dataType":"ValueEntry","value":"{\"_name\":\"BUILTIN_TASK_ENV\",\"_value\":\"\",\"_valueType\":\"string\",\"_hash\":\"cdcdc2ec8062ca9ec1de46dbf2bbc053\"}"},{"dataType":"ValueEntry","value":"{\"_name\":\"BUILTIN_TASK_TOOLCHAIN\",\"_value\":\"\",\"_valueType\":\"string\",\"_hash\":\"e7f94a9422a8bc317a7d90b58efcb5f6\"}"},{"dataType":"ValueEntry","value":"{\"_name\":\"asanEnable\",\"_value\":false,\"_valueType\":\"boolean\",\"_hash\":\"bc2129ba20a21b7e5234139ede1b4d7b\"}"},{"dataType":"ValueEntry","value":"{\"_name\":\"buildRoot\",\"_value\":\".preview\",\"_valueType\":\"string\",\"_hash\":\"88e9a315669657b02bc470a13f92befe\"}"},{"dataType":"ValueEntry","value":"{\"_name\":\"compatibleSdkVersion\",\"_value\":9,\"_valueType\":\"number\",\"_hash\":\"789a8631987a2e2b1a03b001c78d0180\"}"},{"dataType":"ValueEntry","value":"{\"_name\":\"isDebug\",\"_value\":true,\"_valueType\":\"boolean\",\"_hash\":\"edbf05a2d2be2c385e75d9565a48d419\"}"},{"dataType":"ValueEntry","value":"{\"_name\":\"isHarModule\",\"_value\":false,\"_valueType\":\"boolean\",\"_hash\":\"a15b7a3ed818faa99a4a10d67f52cb72\"}"},{"dataType":"ValueEntry","value":"{\"_name\":\"multiProjects\",\"_value\":false,\"_valueType\":\"boolean\",\"_hash\":\"555604752defc243b4e4c55d1549fc06\"}"},{"dataType":"ValueEntry","value":"{\"_name\":\"releaseType\",\"_value\":\"Release\",\"_valueType\":\"string\",\"_hash\":\"bbcabdda034e97584f8c36f85b3ec517\"}"},{"dataType":"ValueEntry","value":"{\"_name\":\"targetSdkVersion\",\"_value\":9,\"_valueType\":\"number\",\"_hash\":\"09b2bdc967d8b97f7b9bf4f19735497e\"}"}],"_successful":true,"_projectName":"wallet","_moduleName":"entry","_taskName":"default@MergeProfile","_key":":wallet:entry:default@MergeProfile","_executionId":":wallet:entry:default@MergeProfile:1714629650922","_inputFiles":{"dataType":"Map","value":[["E:\\Harmony\\project\\wallet\\AppScope\\app.json5",{"fileSnapShotHashValue":"57f753f5ddf0546bb93250cab0125472"}],["E:\\Harmony\\project\\wallet\\entry\\src\\main\\module.json5",{"fileSnapShotHashValue":"fb1d9ab599ef5712d13b1fa78522795c"}],["E:\\Harmony\\project\\wallet\\oh_modules\\.ohpm\\@ohos+axios@2.2.0\\oh_modules\\@ohos\\axios\\src\\main\\module.json",{"fileSnapShotHashValue":"4f780a702268852d754b0307e908ee1d"}]]},"_outputFiles":{"dataType":"Map","value":[["E:\\Harmony\\project\\wallet\\entry\\.preview\\default\\intermediates\\merge_profile\\default\\module.json",{"fileSnapShotHashValue":"2ad3b7b84c6ac885e404cfb66738b22d"}]]}},":wallet:entry:default@GenerateLoaderJson":{"_inputs":[{"dataType":"ValueEntry","value":"{\"_name\":\"BUILTIN_TASK_COMMAND\",\"_value\":\"\",\"_valueType\":\"string\",\"_hash\":\"0b5d05294fdf4e78e8482ef53eb64ac0\"}"},{"dataType":"ValueEntry","value":"{\"_name\":\"BUILTIN_TASK_ENV\",\"_value\":\"\",\"_valueType\":\"string\",\"_hash\":\"cdcdc2ec8062ca9ec1de46dbf2bbc053\"}"},{"dataType":"ValueEntry","value":"{\"_name\":\"BUILTIN_TASK_TOOLCHAIN\",\"_value\":\"\",\"_valueType\":\"string\",\"_hash\":\"e7f94a9422a8bc317a7d90b58efcb5f6\"}"},{"dataType":"ValueEntry","value":"{\"_name\":\"anBuildMode\",\"_value\":\"\",\"_valueType\":\"string\",\"_hash\":\"29adec6ce7dc237883d9afa1bf4d305c\"}"},{"dataType":"ValueEntry","value":"{\"_name\":\"apPath\",\"_value\":\"\",\"_valueType\":\"string\",\"_hash\":\"dabe59b8be9f1396c43dc319521a0027\"}"},{"dataType":"ValueEntry","value":"{\"_name\":\"compileMode\",\"_value\":\"esmodule\",\"_valueType\":\"string\",\"_hash\":\"dacafc8e0b77a950178a0b4d142dc32c\"}"},{"dataType":"ValueEntry","value":"{\"_name\":\"fallbackAnBuild\",\"_value\":false,\"_valueType\":\"boolean\",\"_hash\":\"a63e98bb3f368ced6ed4d5579ea7ca39\"}"},{"dataType":"ValueEntry","value":"{\"_name\":\"harNameOhmMap\",\"_value\":\"{}\",\"_valueType\":\"string\",\"_hash\":\"0faf006bccbcdc2c7f04ff2d8c87894f\"}"},{"dataType":"ValueEntry","value":"{\"_name\":\"modulePathMap\",\"_value\":\"{\\\"entry\\\":\\\"E:\\\\\\\\Harmony\\\\\\\\project\\\\\\\\wallet\\\\\\\\entry\\\"}\",\"_valueType\":\"string\",\"_hash\":\"3a03829bcea6266c97a1add72a86671a\"}"},{"dataType":"ValueEntry","value":"{\"_name\":\"nodeModulesPath\",\"_value\":\"E:\\\\Harmony\\\\project\\\\wallet\\\\entry\\\\.preview\\\\default\\\\intermediates\\\\loader_out\\\\default\\\\node_modules\",\"_valueType\":\"string\",\"_hash\":\"bae3ca8a48482d22e67d1f39680f25ab\"}"},{"dataType":"ValueEntry","value":"{\"_name\":\"projectRootPath\",\"_value\":\"E:\\\\Harmony\\\\project\\\\wallet\",\"_valueType\":\"string\",\"_hash\":\"ad22cdb4e3c80c1832dfd1ecce1e44c5\"}"},{"dataType":"ValueEntry","value":"{\"_name\":\"targetConfig\",\"_value\":\"{\\\"name\\\":\\\"default\\\",\\\"runtimeOS\\\":\\\"HarmonyOS\\\"}\",\"_valueType\":\"string\",\"_hash\":\"96bcd83382fb082c731eedf7bc0cf1dc\"}"}],"_successful":true,"_projectName":"wallet","_moduleName":"entry","_taskName":"default@GenerateLoaderJson","_key":":wallet:entry:default@GenerateLoaderJson","_executionId":":wallet:entry:default@GenerateLoaderJson:1714621463469","_inputFiles":{"dataType":"Map","value":[]},"_outputFiles":{"dataType":"Map","value":[["E:\\Harmony\\project\\wallet\\entry\\.preview\\default\\intermediates\\loader\\default\\loader.json",{"isDirectory":false,"fileSnapShotHashValue":"8fa201ced9494e640dd280156a5d2b4e"}]]}},":wallet:entry:default@ProcessProfile":{"_inputs":[{"dataType":"ValueEntry","value":"{\"_name\":\"BUILTIN_TASK_COMMAND\",\"_value\":\"\",\"_valueType\":\"string\",\"_hash\":\"0b5d05294fdf4e78e8482ef53eb64ac0\"}"},{"dataType":"ValueEntry","value":"{\"_name\":\"BUILTIN_TASK_ENV\",\"_value\":\"\",\"_valueType\":\"string\",\"_hash\":\"cdcdc2ec8062ca9ec1de46dbf2bbc053\"}"},{"dataType":"ValueEntry","value":"{\"_name\":\"BUILTIN_TASK_TOOLCHAIN\",\"_value\":\"\",\"_valueType\":\"string\",\"_hash\":\"e7f94a9422a8bc317a7d90b58efcb5f6\"}"},{"dataType":"ValueEntry","value":"{\"_name\":\"arkEnable\",\"_value\":true,\"_valueType\":\"boolean\",\"_hash\":\"750b4bda198545a67903dfb3f6a00a95\"}"},{"dataType":"ValueEntry","value":"{\"_name\":\"compileMode\",\"_value\":\"esmodule\",\"_valueType\":\"string\",\"_hash\":\"dacafc8e0b77a950178a0b4d142dc32c\"}"},{"dataType":"ValueEntry","value":"{\"_name\":\"dependency\",\"_value\":\"[]\",\"_valueType\":\"string\",\"_hash\":\"ac54f3d4ced2d4c1d666d40e4f7c454a\"}"},{"dataType":"ValueEntry","value":"{\"_name\":\"deviceTypes\",\"_value\":[\"phone\",\"tablet\"],\"_valueType\":\"object\",\"_hash\":\"c166d88837153e59136adb6a4b649962\"}"}],"_successful":true,"_projectName":"wallet","_moduleName":"entry","_taskName":"default@ProcessProfile","_key":":wallet:entry:default@ProcessProfile","_executionId":":wallet:entry:default@ProcessProfile:1714629650926","_inputFiles":{"dataType":"Map","value":[["E:\\Harmony\\project\\wallet\\entry\\.preview\\default\\intermediates\\merge_profile\\default\\module.json",{"fileSnapShotHashValue":"2ad3b7b84c6ac885e404cfb66738b22d"}]]},"_outputFiles":{"dataType":"Map","value":[["E:\\Harmony\\project\\wallet\\entry\\.preview\\default\\intermediates\\process_profile\\default\\module.json",{"fileSnapShotHashValue":"ce5144d2de1f6483d6949e027a3bb2a6"}]]}},":wallet:entry:default@PreviewProcessResource":{"_inputs":[{"dataType":"ValueEntry","value":"{\"_name\":\"previewCompileResourcesCommand\",\"_value\":\"{\\\"commandList\\\":[\\\"C:\\\\\\\\Users\\\\\\\\86185\\\\\\\\AppData\\\\\\\\Local\\\\\\\\Huawei\\\\\\\\openharmony\\\\\\\\9\\\\\\\\toolchains\\\\\\\\restool.exe\\\",\\\"-m\\\",\\\"entry\\\",\\\"-f\\\",\\\"-j\\\",\\\"E:\\\\\\\\Harmony\\\\\\\\project\\\\\\\\wallet\\\\\\\\entry\\\\\\\\.preview\\\\\\\\default\\\\\\\\intermediates\\\\\\\\process_profile\\\\\\\\default\\\\\\\\module.json\\\",\\\"-p\\\",\\\"com.example.tallyapplication\\\",\\\"-o\\\",\\\"E:\\\\\\\\Harmony\\\\\\\\project\\\\\\\\wallet\\\\\\\\entry\\\\\\\\.preview\\\\\\\\default\\\\\\\\intermediates\\\\\\\\res\\\\\\\\default\\\",\\\"-r\\\",\\\"E:\\\\\\\\Harmony\\\\\\\\project\\\\\\\\wallet\\\\\\\\entry\\\\\\\\.preview\\\\\\\\default\\\\\\\\generated\\\\\\\\r\\\\\\\\default\\\\\\\\ResourceTable.h\\\"],\\\"inputFiles\\\":{\\\"_group\\\":{}},\\\"outputFiles\\\":{\\\"_group\\\":{}},\\\"existsResourceDir\\\":true,\\\"restoolLinkParamObj\\\":{\\\"appScopeResources\\\":\\\"E:\\\\\\\\Harmony\\\\\\\\project\\\\\\\\wallet\\\\\\\\AppScope\\\\\\\\resources\\\",\\\"moduleResourcesMap\\\":{},\\\"harResourcesMap\\\":{},\\\"outputPath\\\":\\\"E:\\\\\\\\Harmony\\\\\\\\project\\\\\\\\wallet\\\\\\\\entry\\\\\\\\.preview\\\\\\\\default\\\\\\\\intermediates\\\\\\\\res\\\\\\\\default\\\",\\\"linkCommand\\\":[\\\"C:\\\\\\\\Users\\\\\\\\86185\\\\\\\\AppData\\\\\\\\Local\\\\\\\\Huawei\\\\\\\\openharmony\\\\\\\\9\\\\\\\\toolchains\\\\\\\\restool.exe\\\",\\\"-m\\\",\\\"entry\\\",\\\"-f\\\",\\\"-j\\\",\\\"E:\\\\\\\\Harmony\\\\\\\\project\\\\\\\\wallet\\\\\\\\entry\\\\\\\\.preview\\\\\\\\default\\\\\\\\intermediates\\\\\\\\process_profile\\\\\\\\default\\\\\\\\module.json\\\",\\\"-p\\\",\\\"com.example.tallyapplication\\\",\\\"-r\\\",\\\"E:\\\\\\\\Harmony\\\\\\\\project\\\\\\\\wallet\\\\\\\\entry\\\\\\\\.preview\\\\\\\\default\\\\\\\\generated\\\\\\\\r\\\\\\\\default\\\\\\\\ResourceTable.h\\\",\\\"-z\\\"]}}\",\"_valueType\":\"string\"}"},{"dataType":"ValueEntry","value":"{\"_name\":\"BUILTIN_TASK_COMMAND\",\"_value\":\"\",\"_valueType\":\"string\"}"},{"dataType":"ValueEntry","value":"{\"_name\":\"BUILTIN_TASK_TOOLCHAIN\",\"_value\":\"\",\"_valueType\":\"string\"}"},{"dataType":"ValueEntry","value":"{\"_name\":\"BUILTIN_TASK_ENV\",\"_value\":\"\",\"_valueType\":\"string\"}"}],"_successful":true,"_projectName":"wallet","_moduleName":"entry","_taskName":"default@PreviewProcessResource","_key":":wallet:entry:default@PreviewProcessResource","_executionId":":wallet:entry:default@PreviewProcessResource:1714956137882","_inputFiles":{"dataType":"Map","value":[]},"_outputFiles":{"dataType":"Map","value":[["{\"commandList\":[\"C:\\\\Users\\\\86185\\\\AppData\\\\Local\\\\Huawei\\\\openharmony\\\\9\\\\toolchains\\\\restool.exe\",\"-m\",\"entry\",\"-f\",\"-j\",\"E:\\\\Harmony\\\\project\\\\wallet\\\\entry\\\\.preview\\\\default\\\\intermediates\\\\process_profile\\\\default\\\\module.json\",\"-p\",\"com.example.tallyapplication\",\"-o\",\"E:\\\\Harmony\\\\project\\\\wallet\\\\entry\\\\.preview\\\\default\\\\intermediates\\\\res\\\\default\",\"-r\",\"E:\\\\Harmony\\\\project\\\\wallet\\\\entry\\\\.preview\\\\default\\\\generated\\\\r\\\\default\\\\ResourceTable.h\"],\"inputFiles\":{\"_group\":{}},\"outputFiles\":{\"_group\":{}},\"existsResourceDir\":true,\"restoolLinkParamObj\":{\"appScopeResources\":\"E:\\\\Harmony\\\\project\\\\wallet\\\\AppScope\\\\resources\",\"moduleResourcesMap\":{},\"harResourcesMap\":{},\"outputPath\":\"E:\\\\Harmony\\\\project\\\\wallet\\\\entry\\\\.preview\\\\default\\\\intermediates\\\\res\\\\default\",\"linkCommand\":[\"C:\\\\Users\\\\86185\\\\AppData\\\\Local\\\\Huawei\\\\openharmony\\\\9\\\\toolchains\\\\restool.exe\",\"-m\",\"entry\",\"-f\",\"-j\",\"E:\\\\Harmony\\\\project\\\\wallet\\\\entry\\\\.preview\\\\default\\\\intermediates\\\\process_profile\\\\default\\\\module.json\",\"-p\",\"com.example.tallyapplication\",\"-r\",\"E:\\\\Harmony\\\\project\\\\wallet\\\\entry\\\\.preview\\\\default\\\\generated\\\\r\\\\default\\\\ResourceTable.h\",\"-z\"]}}",{"isDirectory":false,"fileSnapShotHashValue":""}]]}},":wallet:entry:default@PreviewCompileResource":{"_inputs":[{"dataType":"ValueEntry","value":"{\"_name\":\"PREVIEWER_REPLACE_PAGE\",\"_value\":\"\\\"pages/ItemIndex\\\"\",\"_valueType\":\"string\"}"},{"dataType":"ValueEntry","value":"{\"_name\":\"PREVIEWER_REPLACE_SRCPATH\",\"_valueType\":\"undefined\"}"},{"dataType":"ValueEntry","value":"{\"_name\":\"TARGET_CONFIG\",\"_value\":\"{\\\"name\\\":\\\"default\\\",\\\"runtimeOS\\\":\\\"HarmonyOS\\\"}\",\"_valueType\":\"string\"}"},{"dataType":"ValueEntry","value":"{\"_name\":\"BUILTIN_TASK_COMMAND\",\"_value\":\"\",\"_valueType\":\"string\"}"},{"dataType":"ValueEntry","value":"{\"_name\":\"BUILTIN_TASK_TOOLCHAIN\",\"_value\":\"C:\\\\Users\\\\86185\\\\AppData\\\\Local\\\\Huawei\\\\openharmony\\\\9\\\\toolchains\\\\restool.exe\",\"_valueType\":\"string\"}"},{"dataType":"ValueEntry","value":"{\"_name\":\"BUILTIN_TASK_ENV\",\"_value\":\"\",\"_valueType\":\"string\"}"}],"_successful":true,"_projectName":"wallet","_moduleName":"entry","_taskName":"default@PreviewCompileResource","_key":":wallet:entry:default@PreviewCompileResource","_executionId":":wallet:entry:default@PreviewCompileResource:1714956137883","_inputFiles":{"dataType":"Map","value":[["E:\\Harmony\\project\\wallet\\entry\\src\\main\\resources",{"fileSnapShotHashValue":"4b576d88706a01cd2b16bd915e3d1a6f"}],["E:\\Harmony\\project\\wallet\\oh_modules\\.ohpm\\@ohos+axios@2.2.0\\oh_modules\\@ohos\\axios\\src\\main\\resources",{"fileSnapShotHashValue":"1dcc9062b7111c7084418b4422797285"}],["E:\\Harmony\\project\\wallet\\AppScope\\resources",{"fileSnapShotHashValue":"47f549c89837fc9d7cb8da7b222c5500"}],["E:\\Harmony\\project\\wallet\\entry\\.preview\\default\\intermediates\\process_profile\\default\\module.json",{"isDirectory":false,"fileSnapShotHashValue":"ce5144d2de1f6483d6949e027a3bb2a6"}]]},"_outputFiles":{"dataType":"Map","value":[["E:\\Harmony\\project\\wallet\\entry\\.preview\\default\\intermediates\\res\\default",{"isDirectory":true,"fileSnapShotHashValue":"6b1ccaba3fc6ed4ed916651171e31780"}],["E:\\Harmony\\project\\wallet\\entry\\.preview\\default\\generated\\r\\default\\ResourceTable.h",{"isDirectory":false,"fileSnapShotHashValue":"89eac1b814a61ea77264600f74473612"}],["E:\\Harmony\\project\\wallet\\entry\\.preview\\default\\generated\\r\\default",{"isDirectory":true,"fileSnapShotHashValue":"e05b54cdeaa739642c2493928ddf4390"}]]}},":wallet:entry:default@PreviewUpdateAssets":{"_inputs":[{"dataType":"ValueEntry","value":"{\"_name\":\"BUILTIN_TASK_COMMAND\",\"_value\":\"\",\"_valueType\":\"string\"}"},{"dataType":"ValueEntry","value":"{\"_name\":\"BUILTIN_TASK_TOOLCHAIN\",\"_value\":\"\",\"_valueType\":\"string\"}"},{"dataType":"ValueEntry","value":"{\"_name\":\"BUILTIN_TASK_ENV\",\"_value\":\"\",\"_valueType\":\"string\"}"}],"_successful":true,"_projectName":"wallet","_moduleName":"entry","_taskName":"default@PreviewUpdateAssets","_key":":wallet:entry:default@PreviewUpdateAssets","_executionId":":wallet:entry:default@PreviewUpdateAssets:1714956138051","_inputFiles":{"dataType":"Map","value":[["E:\\Harmony\\project\\wallet\\entry\\.preview\\config\\buildConfig.json",{"isDirectory":false,"fileSnapShotHashValue":"fa14cf2d7993fac67c7e25ecce8efe5a"}]]},"_outputFiles":{"dataType":"Map","value":[["E:\\Harmony\\project\\wallet\\entry\\.preview\\default\\intermediates\\res\\default\\module.json",{"isDirectory":false,"fileSnapShotHashValue":"c193d2d5967272da8c744f9d5a05f451"}],["E:\\Harmony\\project\\wallet\\entry\\.preview\\default\\intermediates\\res\\default\\resources\\base\\profile\\main_pages.json",{"isDirectory":false,"fileSnapShotHashValue":"7ee9eb7090d9b66f7f63b394fe057f2d"}]]}},":wallet:entry:default@PreviewArkTS":{"_inputs":[{"dataType":"ValueEntry","value":"{\"_name\":\"debuggable\",\"_value\":true,\"_valueType\":\"boolean\"}"},{"dataType":"ValueEntry","value":"{\"_name\":\"isArk\",\"_value\":true,\"_valueType\":\"boolean\"}"},{"dataType":"ValueEntry","value":"{\"_name\":\"needCoverageInsert\",\"_value\":false,\"_valueType\":\"boolean\"}"},{"dataType":"ValueEntry","value":"{\"_name\":\"customTypes\",\"_value\":\"\",\"_valueType\":\"string\"}"},{"dataType":"ValueEntry","value":"{\"_name\":\"arkTsWdiget\",\"_value\":false,\"_valueType\":\"boolean\"}"},{"dataType":"ValueEntry","value":"{\"_name\":\"OBFUSCATION_ENABLE\",\"_value\":\"undefined\",\"_valueType\":\"string\"}"},{"dataType":"ValueEntry","value":"{\"_name\":\"BUILTIN_TASK_COMMAND\",\"_value\":\"\",\"_valueType\":\"string\"}"},{"dataType":"ValueEntry","value":"{\"_name\":\"BUILTIN_TASK_TOOLCHAIN\",\"_value\":\"\",\"_valueType\":\"string\"}"},{"dataType":"ValueEntry","value":"{\"_name\":\"BUILTIN_TASK_ENV\",\"_value\":\"\",\"_valueType\":\"string\"}"}],"_successful":true,"_projectName":"wallet","_moduleName":"entry","_taskName":"default@PreviewArkTS","_key":":wallet:entry:default@PreviewArkTS","_executionId":":wallet:entry:default@PreviewArkTS:1714956138057","_inputFiles":{"dataType":"Map","value":[["E:\\Harmony\\project\\wallet\\entry\\.preview\\default\\intermediates\\loader\\default",{"isDirectory":true,"fileSnapShotHashValue":"ec5198429a72f747fcfeead5731c8332"}],["E:\\Harmony\\project\\wallet\\entry\\.preview\\default\\intermediates\\res\\default\\ResourceTable.txt",{"fileSnapShotHashValue":"700389ab0e41ca23a680683c00ce3384"}],["E:\\Harmony\\project\\wallet\\oh_modules\\.ohpm\\@ohos+axios@2.2.0\\oh_modules\\@ohos\\axios\\index.js",{"fileSnapShotHashValue":"89f9d9eebc6bd2f0d62b685b186a2078"}],["E:\\Harmony\\project\\wallet\\oh_modules\\.ohpm\\@ohos+axios@2.2.0\\oh_modules\\@ohos\\axios\\src\\main\\ets",{"isDirectory":true,"fileSnapShotHashValue":"224fd0b8e87c903505ea6ac19baf64b9"}],["E:\\Harmony\\project\\wallet\\entry\\.preview\\default\\intermediates\\res\\default\\module.json",{"fileSnapShotHashValue":"c193d2d5967272da8c744f9d5a05f451"}],["E:\\Harmony\\project\\wallet\\entry\\.preview\\default\\intermediates\\res\\default\\resources\\base\\profile",{"isDirectory":true,"fileSnapShotHashValue":"29ec29aedd520377cb6b8d6d30677096"}],["E:\\Harmony\\project\\wallet\\entry\\src\\main\\ets",{"isDirectory":true,"fileSnapShotHashValue":"28a28631b91129f4285fa0f1955c6ce1"}]]},"_outputFiles":{"dataType":"Map","value":[["E:\\Harmony\\project\\wallet\\entry\\.preview\\default\\intermediates\\loader_out\\default\\ets",{"isDirectory":true,"fileSnapShotHashValue":""}]]}}}