{"deviceType":"phone,tablet","localPropertiesPath":"E:\\Harmony\\project\\wallet\\local.properties","Path":"C:\\Users\\86185\\node\\node-16.20.1\\","note":"false","aceProfilePath":"E:\\Harmony\\project\\wallet\\entry\\.preview\\default\\intermediates\\res\\default\\resources\\base\\profile","isPreview":"true","hapMode":"false","buildMode":"debug","img2bin":"true","projectProfilePath":"E:\\Harmony\\project\\wallet\\build-profile.json5","watchMode":"true","appResource":"E:\\Harmony\\project\\wallet\\entry\\.preview\\default\\intermediates\\res\\default\\ResourceTable.txt","logLevel":"3","stageRouterConfig":{"contents":["{\"module\":{\"pages\":\"$profile:main_pages\",\"name\":\"entry\"}}","{\"src\":[\"pages/ItemIndex\"]}"],"paths":["E:\\Harmony\\project\\wallet\\entry\\.preview\\default\\intermediates\\res\\default\\module.json","E:\\Harmony\\project\\wallet\\entry\\.preview\\default\\intermediates\\res\\default\\resources\\base\\profile\\main_pages.json"]},"port":"29904","aceBuildJson":"E:\\Harmony\\project\\wallet\\entry\\.preview\\default\\intermediates\\loader\\default\\loader.json","aceModuleRoot":"E:\\Harmony\\project\\wallet\\entry\\src\\main\\ets","aceSoPath":"E:\\Harmony\\project\\wallet\\entry\\.preview\\cache\\nativeDependencies.txt","cachePath":"E:\\Harmony\\project\\wallet\\entry\\.preview\\cache\\.default","aceModuleBuild":"E:\\Harmony\\project\\wallet\\entry\\.preview\\default\\intermediates\\assets\\default\\ets","aceSuperVisualPath":"E:\\Harmony\\project\\wallet\\entry\\src\\main\\supervisual","aceModuleJsonPath":"E:\\Harmony\\project\\wallet\\entry\\.preview\\default\\intermediates\\res\\default\\module.json"}