{
  "string": [
    {
      "name": "module_desc",
      "value": "模块描述"
    },
    {
      "name": "EntryAbility_desc",
      "value": "description"
    },
    {
      "name": "EntryAbility_label",
      "value": "label"
    },
    {
      "name": "wallet_budget",
      "value": "预算"
    },
    {
      "name": "wallet_chart",
      "value": "图表"
    },
    {
      "name": "wallet_bill",
      "value": "账单"
    },
    {
      "name": "wallet_income",
      "value": "收入"
    },
    {
      "name": "wallet_expenditure",
      "value": "支出"
    },
    {
      "name": "wallet_Consumption_records",
      "value": "本月消费记录"
    },
    {
      "name": "wallet_panel_amount",
      "value": "金额"
    },
    {
      "name": "wallet_panel_type",
      "value": "支出类型"
    }

  ]
}