{
  "version": "1.0",
  "workLog": [],
  "workerIdList": [
    -1
  ],
  "metrics": [
    {
      "type": "build_line",
      "endTime": 1714955931256,
      "status": "closed",
      "children": [],
      "name": "overallTime",
      "taskName": "init",
      "taskPath": "entry",
      "workerId": -1,
      "startTime": 1714955931255
    },
    {
      "type": "build_line",
      "endTime": 1714955931258,
      "status": "closed",
      "children": [],
      "name": "overallTime",
      "taskName": "init",
      "taskPath": "wallet",
      "workerId": -1,
      "startTime": 1714955931258
    },
    {
      "type": "build_line",
      "endTime": 1714956106803,
      "status": "closed",
      "children": [],
      "name": "overallTime",
      "taskName": "default@PreBuild",
      "taskPath": "entry",
      "workerId": -1,
      "startTime": 1714956106798
    },
    {
      "type": "build_line",
      "endTime": 1714956106807,
      "status": "closed",
      "children": [],
      "name": "overallTime",
      "taskName": "default@MergeProfile",
      "taskPath": "entry",
      "workerId": -1,
      "startTime": 1714956106804
    },
    {
      "type": "build_line",
      "endTime": 1714956106808,
      "status": "closed",
      "children": [],
      "name": "overallTime",
      "taskName": "default@GenerateLoaderJson",
      "taskPath": "entry",
      "workerId": -1,
      "startTime": 1714956106807
    },
    {
      "type": "build_line",
      "endTime": 1714956106810,
      "status": "closed",
      "children": [],
      "name": "overallTime",
      "taskName": "default@ProcessProfile",
      "taskPath": "entry",
      "workerId": -1,
      "startTime": 1714956106809
    },
    {
      "type": "build_line",
      "endTime": 1714956106810,
      "status": "closed",
      "children": [],
      "name": "overallTime",
      "taskName": "default@PreviewProcessResource",
      "taskPath": "entry",
      "workerId": -1,
      "startTime": 1714956106810
    },
    {
      "type": "build_line",
      "endTime": 1714956107666,
      "status": "closed",
      "children": [],
      "name": "overallTime",
      "taskName": "default@PreviewCompileResource",
      "taskPath": "entry",
      "workerId": -1,
      "startTime": 1714956106811
    },
    {
      "type": "build_line",
      "endTime": 1714956107667,
      "status": "closed",
      "children": [],
      "name": "overallTime",
      "taskName": "default@PreviewHookCompileResource",
      "taskPath": "entry",
      "workerId": -1,
      "startTime": 1714956107667
    },
    {
      "type": "build_line",
      "endTime": 1714956107675,
      "status": "closed",
      "children": [],
      "name": "overallTime",
      "taskName": "default@ReplacePreviewerPage",
      "taskPath": "entry",
      "workerId": -1,
      "startTime": 1714956107668
    },
    {
      "type": "build_line",
      "endTime": 1714956107675,
      "status": "closed",
      "children": [],
      "name": "overallTime",
      "taskName": "buildPreviewerResource",
      "taskPath": "entry",
      "workerId": -1,
      "startTime": 1714956107675
    },
    {
      "type": "build_line",
      "endTime": 1714956107682,
      "status": "closed",
      "children": [],
      "name": "overallTime",
      "taskName": "default@PreviewUpdateAssets",
      "taskPath": "entry",
      "workerId": -1,
      "startTime": 1714956107675
    },
    {
      "type": "build_line",
      "endTime": 1714956111462,
      "status": "closed",
      "children": [],
      "name": "overallTime",
      "taskName": "default@PreBuild",
      "taskPath": "entry",
      "workerId": -1,
      "startTime": 1714956111460
    },
    {
      "type": "build_line",
      "endTime": 1714956111463,
      "status": "closed",
      "children": [],
      "name": "overallTime",
      "taskName": "default@MergeProfile",
      "taskPath": "entry",
      "workerId": -1,
      "startTime": 1714956111462
    },
    {
      "type": "build_line",
      "endTime": 1714956111464,
      "status": "closed",
      "children": [],
      "name": "overallTime",
      "taskName": "default@GenerateLoaderJson",
      "taskPath": "entry",
      "workerId": -1,
      "startTime": 1714956111463
    },
    {
      "type": "build_line",
      "endTime": 1714956111464,
      "status": "closed",
      "children": [],
      "name": "overallTime",
      "taskName": "default@ProcessProfile",
      "taskPath": "entry",
      "workerId": -1,
      "startTime": 1714956111464
    },
    {
      "type": "build_line",
      "endTime": 1714956111465,
      "status": "closed",
      "children": [],
      "name": "overallTime",
      "taskName": "default@PreviewProcessResource",
      "taskPath": "entry",
      "workerId": -1,
      "startTime": 1714956111464
    },
    {
      "type": "build_line",
      "endTime": 1714956111472,
      "status": "closed",
      "children": [],
      "name": "overallTime",
      "taskName": "default@PreviewCompileResource",
      "taskPath": "entry",
      "workerId": -1,
      "startTime": 1714956111465
    },
    {
      "type": "build_line",
      "endTime": 1714956111472,
      "status": "closed",
      "children": [],
      "name": "overallTime",
      "taskName": "default@PreviewHookCompileResource",
      "taskPath": "entry",
      "workerId": -1,
      "startTime": 1714956111472
    },
    {
      "type": "build_line",
      "endTime": 1714956111475,
      "status": "closed",
      "children": [],
      "name": "overallTime",
      "taskName": "default@ReplacePreviewerPage",
      "taskPath": "entry",
      "workerId": -1,
      "startTime": 1714956111472
    },
    {
      "type": "build_line",
      "endTime": 1714956111475,
      "status": "closed",
      "children": [],
      "name": "overallTime",
      "taskName": "buildPreviewerResource",
      "taskPath": "entry",
      "workerId": -1,
      "startTime": 1714956111475
    },
    {
      "type": "build_line",
      "endTime": 1714956111477,
      "status": "closed",
      "children": [],
      "name": "overallTime",
      "taskName": "default@PreviewUpdateAssets",
      "taskPath": "entry",
      "workerId": -1,
      "startTime": 1714956111476
    },
    {
      "type": "build_line",
      "endTime": 1714956137880,
      "status": "closed",
      "children": [],
      "name": "overallTime",
      "taskName": "default@PreBuild",
      "taskPath": "entry",
      "workerId": -1,
      "startTime": 1714956137879
    },
    {
      "type": "build_line",
      "endTime": 1714956137881,
      "status": "closed",
      "children": [],
      "name": "overallTime",
      "taskName": "default@MergeProfile",
      "taskPath": "entry",
      "workerId": -1,
      "startTime": 1714956137880
    },
    {
      "type": "build_line",
      "endTime": 1714956137882,
      "status": "closed",
      "children": [],
      "name": "overallTime",
      "taskName": "default@GenerateLoaderJson",
      "taskPath": "entry",
      "workerId": -1,
      "startTime": 1714956137881
    },
    {
      "type": "build_line",
      "endTime": 1714956137882,
      "status": "closed",
      "children": [],
      "name": "overallTime",
      "taskName": "default@ProcessProfile",
      "taskPath": "entry",
      "workerId": -1,
      "startTime": 1714956137882
    },
    {
      "type": "build_line",
      "endTime": 1714956137882,
      "status": "closed",
      "children": [],
      "name": "overallTime",
      "taskName": "default@PreviewProcessResource",
      "taskPath": "entry",
      "workerId": -1,
      "startTime": 1714956137882
    },
    {
      "type": "build_line",
      "endTime": 1714956138042,
      "status": "closed",
      "children": [],
      "name": "overallTime",
      "taskName": "default@PreviewCompileResource",
      "taskPath": "entry",
      "workerId": -1,
      "startTime": 1714956137882
    },
    {
      "type": "build_line",
      "endTime": 1714956138043,
      "status": "closed",
      "children": [],
      "name": "overallTime",
      "taskName": "default@PreviewHookCompileResource",
      "taskPath": "entry",
      "workerId": -1,
      "startTime": 1714956138043
    },
    {
      "type": "build_line",
      "endTime": 1714956138050,
      "status": "closed",
      "children": [],
      "name": "overallTime",
      "taskName": "default@ReplacePreviewerPage",
      "taskPath": "entry",
      "workerId": -1,
      "startTime": 1714956138043
    },
    {
      "type": "build_line",
      "endTime": 1714956138051,
      "status": "closed",
      "children": [],
      "name": "overallTime",
      "taskName": "buildPreviewerResource",
      "taskPath": "entry",
      "workerId": -1,
      "startTime": 1714956138051
    },
    {
      "type": "build_line",
      "endTime": 1714956138055,
      "status": "closed",
      "children": [],
      "name": "overallTime",
      "taskName": "default@PreviewUpdateAssets",
      "taskPath": "entry",
      "workerId": -1,
      "startTime": 1714956138051
    },
    {
      "type": "build_line",
      "endTime": 1714956141067,
      "status": "closed",
      "children": [],
      "name": "overallTime",
      "taskName": "default@PreviewArkTS",
      "taskPath": "entry",
      "workerId": -1,
      "startTime": 1714956138056
    },
    {
      "type": "build_line",
      "endTime": 1714956141070,
      "status": "closed",
      "children": [],
      "name": "overallTime",
      "taskName": "PreviewBuild",
      "taskPath": "entry",
      "workerId": -1,
      "startTime": 1714956141070
    }
  ]
}