{"APP_RESOURCES":"E:\\Harmony\\project\\wallet\\AppScope\\resources","MODULE_RESOURCES":"{\"E:\\\\Harmony\\\\project\\\\wallet\\\\entry\\\\src\\\\main\\\\resources\":\"module_compiled\"}","HAR_RESOURCES":"{\"E:\\\\Harmony\\\\project\\\\wallet\\\\oh_modules\\\\.ohpm\\\\@ohos+axios@2.2.0\\\\oh_modules\\\\@ohos\\\\axios\\\\src\\\\main\\\\resources\":\"har_compiled\"}","PREVIEW_GENERATE_SOURCE_DIR":"E:\\Harmony\\project\\wallet\\entry\\.preview\\default\\generated\\r\\default","PREVIEW_COMPILE_MODULE_NAMES":"entry"}
